Ticker,LastDate,Close,S,N,R,asOfDate
1101.TW,2025-08-08,24.350000381469727,24.524856567382812,28.227630615234375,31.901549530029296,2025-08-08
1102.TW,2025-08-08,40.29999923706055,39.59550094604492,40.800376892089844,42.44940032958984,2025-08-08
1103.TW,2025-08-08,13.899999618530273,13.953635215759277,14.363556385040283,15.734951972961426,2025-08-08
1104.TW,2025-08-08,26.799999237060547,26.799999237060547,27.855731964111328,28.46846580505371,2025-08-08
1108.TW,2025-08-08,14.199999809265137,14.005050659179688,14.14747428894043,14.299394035339356,2025-08-08
1109.TW,2025-08-08,16.0,15.84459400177002,16.12837791442871,16.83783721923828,2025-08-08
1110.TW,2025-08-08,18.25,18.0,19.06417179107666,19.944813919067382,2025-08-08
1201.TW,2025-08-08,15.649999618530273,15.548437118530273,15.850000381469727,17.34062385559082,2025-08-08
1203.TW,2025-08-08,39.29999923706055,37.94000091552734,39.0,40.5,2025-08-08
1210.TW,2025-08-08,57.099998474121094,54.13245697021485,58.033124923706055,60.02637557983398,2025-08-08
1213.TW,2025-08-08,12.800000190734863,12.50403881072998,12.850000381469727,13.914999961853027,2025-08-08
1215.TW,2025-08-08,118.5,95.71044158935547,106.09955978393555,118.6,2025-08-08
1216.TW,2025-08-08,78.19999694824219,75.92220611572266,78.17901992797852,79.79637908935547,2025-08-08
1217.TW,2025-08-08,10.699999809265137,10.649999618530273,11.118162631988525,11.528940010070801,2025-08-08
1218.TW,2025-08-08,19.100000381469727,18.84665298461914,19.526500701904297,20.299999237060547,2025-08-08
1219.TW,2025-08-08,14.149999618530273,14.149999618530273,14.506579399108887,14.75,2025-08-08
1220.TW,2025-08-08,13.350000381469727,12.969927787780762,13.492526054382324,14.727757453918457,2025-08-08
1225.TW,2025-08-08,32.20000076293945,29.649999618530273,29.975000381469727,37.83000106811524,2025-08-08
1227.TW,2025-08-08,31.399999618530273,31.75,32.23325729370117,34.17155838012695,2025-08-08
1229.TW,2025-08-08,45.95000076293945,41.18136444091797,42.85676193237305,47.31830596923828,2025-08-08
1231.TW,2025-08-08,148.5,131.5,137.0,142.0,2025-08-08
1232.TW,2025-08-08,149.0,145.39663696289062,149.75,154.66849365234376,2025-08-08
1233.TW,2025-08-08,31.149999618530273,29.95913314819336,30.783252716064453,32.5284423828125,2025-08-08
1234.TW,2025-08-08,39.900001525878906,38.910926818847656,39.31674575805664,39.960000610351564,2025-08-08
1235.TW,2025-08-08,62.0,64.57999877929687,91.6500015258789,101.1,2025-08-08
1236.TW,2025-08-08,20.700000762939453,20.899999618530273,21.44794464111328,22.32123374938965,2025-08-08
1256.TW,2025-08-08,121.5,113.39751434326172,116.63049697875977,134.25111389160156,2025-08-08
1301.TW,2025-08-08,37.54999923706055,34.35204391479492,35.99404716491699,38.45378112792969,2025-08-08
1303.TW,2025-08-08,36.79999923706055,27.957482147216798,30.222986221313477,32.78144073486328,2025-08-08
1304.TW,2025-08-08,10.25,9.398666763305664,10.080092906951904,11.532407760620117,2025-08-08
1305.TW,2025-08-08,10.949999809265137,10.216163635253906,11.005818367004395,12.792413902282714,2025-08-08
1307.TW,2025-08-08,31.899999618530273,33.796295166015625,35.31203651428223,42.61110916137695,2025-08-08
1308.TW,2025-08-08,11.850000381469727,11.553252983093262,12.273493766784668,14.11084270477295,2025-08-08
1309.TW,2025-08-08,11.300000190734863,10.476995468139648,11.499570846557617,13.710515022277832,2025-08-08
1310.TW,2025-08-08,9.010000228881836,7.976000022888184,8.989999771118164,10.25,2025-08-08
1312.TW,2025-08-08,9.529999732971191,9.548000144958497,10.649999618530273,11.310000228881837,2025-08-08
1313.TW,2025-08-08,9.609999656677246,7.948772430419922,8.345959663391113,9.220764923095704,2025-08-08
1314.TW,2025-08-08,7.119999885559082,6.730000019073486,7.169999837875366,7.831999969482422,2025-08-08
1315.TW,2025-08-08,65.9000015258789,65.80000305175781,66.19999694824219,67.0,2025-08-08
1316.TW,2025-08-08,13.399999618530273,13.899999618530273,14.800000190734863,15.909999656677247,2025-08-08
1319.TW,2025-08-08,104.0,103.45999755859376,115.11651611328125,125.10596466064453,2025-08-08
1321.TW,2025-08-08,37.5,35.640000915527345,36.25,37.05999908447266,2025-08-08
1323.TW,2025-08-08,19.649999618530273,19.700000762939453,19.82122802734375,22.78004722595215,2025-08-08
1324.TW,2025-08-08,10.899999618530273,10.989999961853027,11.399999618530273,12.610000228881836,2025-08-08
1325.TW,2025-08-08,29.200000762939453,27.322614669799805,28.92826747894287,31.549698638916016,2025-08-08
1326.TW,2025-08-08,26.799999237060547,23.417292404174805,24.99213981628418,28.053799057006838,2025-08-08
1337.TW,2025-08-08,5.449999809265137,5.4479998588562015,5.800000190734863,6.542000007629395,2025-08-08
1338.TW,2025-08-08,22.75,23.049999237060547,23.750526428222656,28.287578964233397,2025-08-08
1339.TW,2025-08-08,49.70000076293945,49.18000030517578,51.20000076293945,57.5,2025-08-08
1340.TW,2025-08-08,6.25,6.438000011444092,7.18999981880188,8.83400001525879,2025-08-08
1341.TW,2025-08-08,63.0,64.69999694824219,66.19999694824219,67.30000305175781,2025-08-08
1342.TW,2025-08-08,85.30000305175781,85.28000183105469,91.30000305175781,100.26567993164062,2025-08-08
1402.TW,2025-08-08,28.799999237060547,30.17017059326172,31.03516387939453,31.757574844360352,2025-08-08
1409.TW,2025-08-08,12.699999809265137,12.25,12.699999809265137,14.659999656677247,2025-08-08
1410.TW,2025-08-08,35.20000076293945,34.4349723815918,35.216630935668945,37.01709976196289,2025-08-08
1413.TW,2025-08-08,11.550000190734863,11.550000190734863,11.850000381469727,12.0,2025-08-08
1414.TW,2025-08-08,17.600000381469727,18.100000381469727,18.975000381469727,21.070327758789062,2025-08-08
1416.TW,2025-08-08,11.649999618530273,11.689999771118163,11.998784065246582,12.1899995803833,2025-08-08
1417.TW,2025-08-08,8.020000457763672,7.960000038146973,8.050000190734863,9.222000122070312,2025-08-08
1418.TW,2025-08-08,23.75,20.700000762939453,22.225000381469727,26.049999237060547,2025-08-08
1419.TW,2025-08-08,52.099998474121094,41.72437210083008,43.21940040588379,59.27510070800781,2025-08-08
1423.TW,2025-08-08,37.54999923706055,33.798954772949216,36.22715377807617,37.400001525878906,2025-08-08
1432.TW,2025-08-08,16.700000762939453,16.549999237060547,17.024999618530273,19.149999618530273,2025-08-08
1434.TW,2025-08-08,15.899999618530273,15.282949638366699,16.077360153198242,18.017493057250977,2025-08-08
1435.TW,2025-08-08,30.950000762939453,32.0,34.47500038146973,35.900001525878906,2025-08-08
1436.TW,2025-08-08,75.5,87.59593200683594,91.82205200195312,105.65298461914062,2025-08-08
1437.TW,2025-08-08,30.950000762939453,30.893312835693358,31.297931671142578,32.98504638671875,2025-08-08
1438.TW,2025-08-08,38.5,38.140000915527345,41.94999885559082,47.699998474121095,2025-08-08
1439.TW,2025-08-08,30.399999618530273,30.100000381469727,30.950000762939453,32.119998931884766,2025-08-08
1440.TW,2025-08-08,12.949999809265137,12.751825714111328,13.121578216552734,14.07148265838623,2025-08-08
1441.TW,2025-08-08,11.649999618530273,11.800000190734863,12.575000286102295,13.300000190734863,2025-08-08
1442.TW,2025-08-08,69.0999984741211,71.17999725341797,73.4000015258789,80.0000015258789,2025-08-08
1443.TW,2025-08-08,30.700000762939453,30.07999954223633,30.700000762939453,31.299999237060547,2025-08-08
1444.TW,2025-08-08,6.420000076293945,6.548000144958496,7.200000047683716,8.312000274658203,2025-08-08
1445.TW,2025-08-08,14.0,14.0,14.875,16.301483154296875,2025-08-08
1446.TW,2025-08-08,20.950000762939453,22.228069305419922,23.995173454284668,31.332992172241212,2025-08-08
1447.TW,2025-08-08,5.980000019073486,5.989999771118164,6.25,7.107999897003174,2025-08-08
1449.TW,2025-08-08,12.649999618530273,12.649999618530273,13.600000381469727,17.710000610351564,2025-08-08
1451.TW,2025-08-08,18.950000762939453,18.649999618530273,18.966215133666992,19.950000762939453,2025-08-08
1452.TW,2025-08-08,11.75,11.5,11.894016742706299,14.311110496520996,2025-08-08
1453.TW,2025-08-08,13.25,13.25,14.474999904632568,16.700000762939453,2025-08-08
1454.TW,2025-08-08,14.449999809265137,14.307500839233398,14.872917175292969,15.438333511352539,2025-08-08
1455.TW,2025-08-08,8.979999542236328,8.94799976348877,9.279999732971191,9.760000228881836,2025-08-08
1456.TW,2025-08-08,12.5,12.5,13.224999904632568,16.149999618530273,2025-08-08
1457.TW,2025-08-08,17.0,17.200000762939453,17.574999809265137,19.06819267272949,2025-08-08
1459.TW,2025-08-08,12.0,11.5,11.75,12.260000038146973,2025-08-08
1460.TW,2025-08-08,6.300000190734863,6.578000164031982,6.849999904632568,7.210000038146973,2025-08-08
1463.TW,2025-08-08,20.600000381469727,19.940000534057617,21.225000381469727,26.520000076293947,2025-08-08
1464.TW,2025-08-08,12.149999618530273,12.009241104125977,12.755212783813477,16.540333938598632,2025-08-08
1465.TW,2025-08-08,13.449999809265137,13.350000381469727,13.699999809265137,14.300000190734863,2025-08-08
1466.TW,2025-08-08,14.949999809265137,13.879999732971191,15.424999713897705,16.91999969482422,2025-08-08
1467.TW,2025-08-08,7.539999961853027,8.058000373840333,8.75,10.300000190734863,2025-08-08
1468.TW,2025-08-08,14.25,13.300000190734863,14.149999618530273,14.350000381469727,2025-08-08
1470.TW,2025-08-08,20.299999237060547,20.674483871459962,21.633628845214844,22.357926177978516,2025-08-08
1471.TW,2025-08-08,10.600000381469727,10.050000190734863,10.649999618530273,12.25,2025-08-08
1472.TW,2025-08-08,92.0999984741211,87.35709533691406,92.5,96.89119720458984,2025-08-08
1473.TW,2025-08-08,25.75,26.75,27.703349113464355,34.33433532714844,2025-08-08
1474.TW,2025-08-08,12.699999809265137,12.5,12.825000286102295,13.699999809265137,2025-08-08
1475.TW,2025-08-08,38.900001525878906,38.33999862670898,40.034420013427734,53.48638916015625,2025-08-08
1476.TW,2025-08-08,381.5,382.9506591796875,398.101806640625,473.30946655273436,2025-08-08
1477.TW,2025-08-08,267.0,249.2,268.5,325.82935180664066,2025-08-08
1503.TW,2025-08-08,186.0,160.82280578613282,175.0618133544922,180.4258270263672,2025-08-08
1504.TW,2025-08-08,55.5,47.037109375,49.34600830078125,50.979922485351565,2025-08-08
1506.TW,2025-08-08,11.300000190734863,11.550000190734863,11.850000381469727,13.0,2025-08-08
1512.TW,2025-08-08,8.199999809265137,6.987999820709229,7.615000009536743,8.398000335693359,2025-08-08
1513.TW,2025-08-08,166.0,137.5,151.5,163.5,2025-08-08
1514.TW,2025-08-08,108.0,100.5,107.5,111.0,2025-08-08
1515.TW,2025-08-08,30.600000381469727,28.284354400634765,30.00489902496338,33.21857528686523,2025-08-08
1516.TW,2025-08-08,14.199999809265137,14.54000015258789,16.049999237060547,17.70999984741211,2025-08-08
1517.TW,2025-08-08,10.25,10.350000381469727,11.100000381469727,14.159999656677247,2025-08-08
1519.TW,2025-08-08,676.0,407.6014892578125,473.2367858886719,548.0054931640625,2025-08-08
1521.TW,2025-08-08,25.25,25.450000762939453,26.640727996826172,27.602487564086914,2025-08-08
1522.TW,2025-08-08,38.849998474121094,42.44000091552734,44.20033264160156,54.53396987915039,2025-08-08
1524.TW,2025-08-08,28.299999237060547,28.59000015258789,31.94999885559082,34.951202392578125,2025-08-08
1525.TW,2025-08-08,68.5,58.02628402709961,60.116952896118164,61.76512680053711,2025-08-08
1526.TW,2025-08-08,19.450000762939453,19.0,19.925000190734863,25.40999984741211,2025-08-08
1527.TW,2025-08-08,35.599998474121094,36.74000015258789,37.849998474121094,42.54999923706055,2025-08-08
1528.TW,2025-08-08,17.049999237060547,12.399999618530273,13.25,16.309999465942383,2025-08-08
1529.TW,2025-08-08,25.149999618530273,24.479999923706053,26.375,27.809999465942383,2025-08-08
1530.TW,2025-08-08,29.850000381469727,28.24000015258789,29.252856254577637,30.684722900390625,2025-08-08
1531.TW,2025-08-08,12.149999618530273,11.667460441589355,12.224206447601318,13.410317420959473,2025-08-08
1532.TW,2025-08-08,25.0,24.389514541625978,25.14672088623047,28.60556411743164,2025-08-08
1533.TW,2025-08-08,30.75,29.269999313354493,30.0,38.369998931884766,2025-08-08
1535.TW,2025-08-08,55.599998474121094,52.50956726074219,54.31043243408203,56.604173278808595,2025-08-08
1536.TW,2025-08-08,61.79999923706055,56.91999969482422,60.60000038146973,70.62366485595703,2025-08-08
1537.TW,2025-08-08,143.5,139.5,142.75,154.0,2025-08-08
1538.TW,2025-08-08,27.399999618530273,26.389999771118163,28.149999618530273,29.0,2025-08-08
1539.TW,2025-08-08,19.350000381469727,18.59000015258789,19.5,22.850000381469727,2025-08-08
1540.TW,2025-08-08,27.75,27.44963264465332,28.631269454956055,33.534081268310544,2025-08-08
1541.TW,2025-08-08,26.5,26.100000381469727,27.799999237060547,29.120000457763673,2025-08-08
1558.TW,2025-08-08,97.69999694824219,92.25192260742188,95.17308044433594,103.65384674072266,2025-08-08
1560.TW,2025-08-08,304.5,248.8,280.0,320.5,2025-08-08
1563.TW,2025-08-08,52.0,53.380001068115234,57.25,64.1,2025-08-08
1568.TW,2025-08-08,23.149999618530273,22.99000015258789,23.420000076293945,26.64423599243164,2025-08-08
1582.TW,2025-08-08,69.0,69.88571472167969,72.24285888671875,94.25,2025-08-08
1583.TW,2025-08-08,52.70000076293945,53.20000076293945,55.90593910217285,58.52402191162109,2025-08-08
1587.TW,2025-08-08,31.700000762939453,28.190000534057617,29.836417198181152,34.12401657104492,2025-08-08
1589.TW,2025-08-08,22.25,24.160000610351563,28.074999809265137,39.29999923706055,2025-08-08
1590.TW,2025-08-08,808.0,838.8,887.5,942.2,2025-08-08
1597.TW,2025-08-08,87.9000015258789,80.32000122070312,86.45000076293945,93.21999816894531,2025-08-08
1598.TW,2025-08-08,21.799999237060547,21.592863464355467,22.73788547515869,26.659559631347655,2025-08-08
1603.TW,2025-08-08,39.650001525878906,35.640000915527345,37.52499961853027,38.95000076293945,2025-08-08
1604.TW,2025-08-08,25.049999237060547,25.139999771118163,25.925000190734863,26.962228775024414,2025-08-08
1605.TW,2025-08-08,21.799999237060547,20.139999771118163,21.399999618530273,25.5885066986084,2025-08-08
1608.TW,2025-08-08,26.799999237060547,23.616405487060547,24.935380935668945,26.957168579101562,2025-08-08
1609.TW,2025-08-08,41.5,35.18226928710938,36.64421081542969,40.98482894897461,2025-08-08
1611.TW,2025-08-08,13.100000381469727,12.75,13.350000381469727,14.981707572937012,2025-08-08
1612.TW,2025-08-08,37.45000076293945,30.68318862915039,32.47782897949219,35.80804290771484,2025-08-08
1614.TW,2025-08-08,37.900001525878906,38.0,38.542165756225586,39.15785598754883,2025-08-08
1615.TW,2025-08-08,53.099998474121094,51.380001068115234,52.29999923706055,59.70000076293945,2025-08-08
1616.TW,2025-08-08,38.0,20.805809020996094,24.407724380493164,34.03000030517578,2025-08-08
1617.TW,2025-08-08,15.800000190734863,15.48365077972412,16.41190528869629,17.13809585571289,2025-08-08
1618.TW,2025-08-08,51.900001525878906,43.640000915527345,47.95000076293945,49.599999237060544,2025-08-08
1626.TW,2025-08-08,11.5,11.5,12.100000381469727,13.850000381469727,2025-08-08
1702.TW,2025-08-08,40.599998474121094,40.849998474121094,43.28236389160156,46.64088363647461,2025-08-08
1707.TW,2025-08-08,128.5,126.17437744140625,130.0867156982422,141.20938110351562,2025-08-08
1708.TW,2025-08-08,32.099998474121094,30.979999923706053,32.07499885559082,36.070980072021484,2025-08-08
1709.TW,2025-08-08,18.399999618530273,17.549999237060547,17.899999618530273,20.319999313354494,2025-08-08
1710.TW,2025-08-08,12.199999809265137,12.090000343322753,13.100000381469727,15.34000015258789,2025-08-08
1711.TW,2025-08-08,16.649999618530273,16.104310989379883,16.598203659057617,20.151377487182618,2025-08-08
1712.TW,2025-08-08,41.95000076293945,40.94000091552734,41.95000076293945,43.0,2025-08-08
1713.TW,2025-08-08,45.54999923706055,46.02773208618164,47.081668853759766,47.79005508422851,2025-08-08
1714.TW,2025-08-08,7.889999866485596,7.731999778747559,8.105000019073486,8.49199981689453,2025-08-08
1717.TW,2025-08-08,28.200000762939453,24.960751724243163,26.050000190734863,27.60578842163086,2025-08-08
1718.TW,2025-08-08,6.449999809265137,6.157999897003174,6.480000019073486,7.28000020980835,2025-08-08
1720.TW,2025-08-08,55.0,54.35292053222656,55.3524055480957,59.0362190246582,2025-08-08
1721.TW,2025-08-08,12.300000190734863,11.489999961853027,12.149999618530273,14.84000015258789,2025-08-08
1722.TW,2025-08-08,52.79999923706055,51.98000030517578,52.900001525878906,54.13999862670899,2025-08-08
1723.TW,2025-08-08,84.9000015258789,86.4118423461914,87.84078979492188,92.3849365234375,2025-08-08
1725.TW,2025-08-08,29.649999618530273,28.511075592041017,29.14690113067627,34.41653060913086,2025-08-08
1726.TW,2025-08-08,75.5,72.13299560546875,73.27796173095703,74.70917510986328,2025-08-08
1727.TW,2025-08-08,31.850000381469727,22.008256912231445,24.174617767333984,29.048931121826172,2025-08-08
1730.TW,2025-08-08,54.400001525878906,51.791969299316406,52.94753646850586,53.98943328857422,2025-08-08
1731.TW,2025-08-08,21.75,21.56862106323242,21.715517044067383,22.35086135864258,2025-08-08
1732.TW,2025-08-08,29.5,25.149999618530273,27.350000381469727,28.399999618530273,2025-08-08
1733.TW,2025-08-08,29.799999237060547,28.479999923706053,29.557754516601562,30.52859420776367,2025-08-08
1734.TW,2025-08-08,31.799999237060547,30.483795166015625,31.186522483825684,31.659078216552736,2025-08-08
1735.TW,2025-08-08,15.550000190734863,15.596117973327637,15.95588207244873,18.31552925109863,2025-08-08
1736.TW,2025-08-08,155.5,152.49485473632814,163.67845916748047,179.07202453613283,2025-08-08
1737.TW,2025-08-08,32.900001525878906,32.43000030517578,32.72500038146973,32.849998474121094,2025-08-08
1752.TW,2025-08-08,35.29999923706055,34.75353240966797,35.12281608581543,40.51072006225586,2025-08-08
1760.TW,2025-08-08,71.5,68.87724304199219,72.30000305175781,80.4251708984375,2025-08-08
1762.TW,2025-08-08,29.25,27.394273376464845,28.57785987854004,32.73804397583008,2025-08-08
1773.TW,2025-08-08,129.0,110.26490020751953,122.0,127.82561492919922,2025-08-08
1776.TW,2025-08-08,15.699999809265137,15.850000381469727,17.002241134643555,18.349048233032228,2025-08-08
1783.TW,2025-08-08,44.099998474121094,42.79999923706055,44.02499961853027,45.859999084472655,2025-08-08
1786.TW,2025-08-08,95.0,91.5,96.6500015258789,118.80998992919922,2025-08-08
1789.TW,2025-08-08,16.899999618530273,16.842226028442383,17.80729866027832,22.152573776245116,2025-08-08
1795.TW,2025-08-08,215.72140502929688,211.1440216064453,218.6431427001953,245.523095703125,2025-08-08
1802.TW,2025-08-08,23.950000762939453,14.389999771118164,16.375,17.309999465942383,2025-08-08
1805.TW,2025-08-08,13.100000381469727,13.300000190734863,14.449999809265137,15.70999984741211,2025-08-08
1806.TW,2025-08-08,10.449999809265137,8.98379898071289,10.087815284729004,10.359579849243165,2025-08-08
1808.TW,2025-08-08,30.899999618530273,30.979999923706053,31.850000381469727,34.76000061035156,2025-08-08
1809.TW,2025-08-08,16.149999618530273,15.346406936645508,16.24609375,18.525936126708984,2025-08-08
1810.TW,2025-08-08,18.299999237060547,15.28326416015625,16.759264945983887,17.534286880493163,2025-08-08
1817.TW,2025-08-08,38.400001525878906,39.440467834472656,41.71569061279297,45.97220230102539,2025-08-08
1903.TW,2025-08-08,53.20000076293945,49.67000045776367,52.79999923706055,57.65999908447266,2025-08-08
1904.TW,2025-08-08,18.75,17.049999237060547,18.125,19.63185691833496,2025-08-08
1905.TW,2025-08-08,12.25,12.0,13.0,16.47000045776367,2025-08-08
1906.TW,2025-08-08,12.199999809265137,12.300000190734863,12.745101928710938,13.647673797607421,2025-08-08
1907.TW,2025-08-08,25.25,23.733191680908202,25.452978134155273,28.457107925415038,2025-08-08
1909.TW,2025-08-08,10.199999809265137,8.867999839782716,9.444999694824219,11.219999885559082,2025-08-08
2002.TW,2025-08-08,19.149999618530273,18.883201599121094,20.11257553100586,22.640170669555665,2025-08-08
2006.TW,2025-08-08,65.19999694824219,64.17999725341797,65.4000015258789,70.15472717285157,2025-08-08
2007.TW,2025-08-08,7.289999961853027,7.347999954223633,8.190000057220459,10.469999885559082,2025-08-08
2008.TW,2025-08-08,24.399999618530273,24.153635025024414,24.633573532104492,26.6414794921875,2025-08-08
2009.TW,2025-08-08,33.20000076293945,32.46897888183594,33.70036506652832,40.84489059448242,2025-08-08
2010.TW,2025-08-08,20.399999618530273,17.775733947753906,18.824999809265137,19.75,2025-08-08
2012.TW,2025-08-08,18.649999618530273,18.99000015258789,20.774999618530273,25.319999313354494,2025-08-08
2013.TW,2025-08-08,43.150001525878906,41.70408935546875,42.33408737182617,48.54817886352539,2025-08-08
2014.TW,2025-08-08,15.449999809265137,14.729999923706055,16.100000381469727,22.020000076293947,2025-08-08
2015.TW,2025-08-08,67.0,61.29999923706055,65.5,68.40097351074219,2025-08-08
2017.TW,2025-08-08,9.640000343322754,9.638000297546387,9.9399995803833,11.75999984741211,2025-08-08
2020.TW,2025-08-08,23.299999237060547,23.600000381469727,25.6887264251709,26.955883026123047,2025-08-08
2022.TW,2025-08-08,7.519999980926514,7.723999977111816,8.130000114440918,9.913999748229982,2025-08-08
2023.TW,2025-08-08,15.0,15.189999771118163,15.5,16.199999618530274,2025-08-08
2024.TW,2025-08-08,17.299999237060547,17.200000762939453,17.550000190734863,19.110000228881837,2025-08-08
2025.TW,2025-08-08,12.149999618530273,12.199999809265137,14.674999713897705,16.95999984741211,2025-08-08
2027.TW,2025-08-08,42.29999923706055,34.15862045288086,38.85186958312988,46.27410125732422,2025-08-08
2028.TW,2025-08-08,18.200000762939453,18.149999618530273,18.524999618530273,23.049999237060547,2025-08-08
2029.TW,2025-08-08,24.399999618530273,22.368984985351563,23.06594181060791,24.512008666992188,2025-08-08
2030.TW,2025-08-08,14.350000381469727,14.13643913269043,14.587100982666016,17.374735641479493,2025-08-08
2031.TW,2025-08-08,42.95000076293945,39.299400329589844,40.77559852600098,48.22814178466797,2025-08-08
2032.TW,2025-08-08,14.949999809265137,14.063639259338379,14.922261238098145,18.116801834106447,2025-08-08
2033.TW,2025-08-08,16.0,16.0,17.75031280517578,20.21412582397461,2025-08-08
2034.TW,2025-08-08,22.25,20.299999237060547,21.425000190734863,24.35999870300293,2025-08-08
2038.TW,2025-08-08,15.899999618530273,15.100000381469727,15.800000190734863,18.960000610351564,2025-08-08
2049.TW,2025-08-08,216.0,203.59999084472656,216.25,276.8366943359375,2025-08-08
2059.TW,2025-08-08,2960.0,1823.0,2000.0,2152.0,2025-08-08
2062.TW,2025-08-08,25.25,24.440000534057617,25.399999618530273,31.240000534057618,2025-08-08
2069.TW,2025-08-08,15.199999809265137,14.642856788635253,15.199999809265137,17.546572113037108,2025-08-08
2101.TW,2025-08-08,38.5,36.67000045776367,38.79999923706055,42.39528350830078,2025-08-08
2102.TW,2025-08-08,21.149999618530273,17.84000015258789,19.725000381469727,20.799999237060547,2025-08-08
2103.TW,2025-08-08,17.299999237060547,17.364596939086915,18.0,19.76120491027832,2025-08-08
2104.TW,2025-08-08,11.550000190734863,10.639999771118164,11.100000381469727,12.360000228881836,2025-08-08
2105.TW,2025-08-08,40.150001525878906,40.140000915527345,46.81162452697754,48.51515884399414,2025-08-08
2106.TW,2025-08-08,21.899999618530273,22.087808227539064,22.873851776123047,26.332359313964844,2025-08-08
2107.TW,2025-08-08,24.549999237060547,24.51282501220703,24.80000114440918,24.98931312561035,2025-08-08
2108.TW,2025-08-08,23.950000762939453,23.950000762939453,26.399999618530273,31.691344451904296,2025-08-08
2109.TW,2025-08-08,16.350000381469727,16.5,17.350000381469727,17.847848892211914,2025-08-08
2114.TW,2025-08-08,90.0999984741211,85.08675689697266,87.82020950317383,89.51999969482422,2025-08-08
2115.TW,2025-08-08,26.649999618530273,26.899999618530273,27.6275691986084,28.610684967041017,2025-08-08
2201.TW,2025-08-08,33.849998474121094,34.0,36.95000076293945,45.460001373291014,2025-08-08
2204.TW,2025-08-08,56.5,56.348123168945314,61.51197624206543,72.68333435058594,2025-08-08
2206.TW,2025-08-08,63.29999923706055,61.68000030517578,65.78327560424805,67.37426452636718,2025-08-08
2207.TW,2025-08-08,553.0,558.164404296875,578.9692077636719,596.0630249023437,2025-08-08
2208.TW,2025-08-08,17.5,16.440000534057617,16.899999618530273,17.600000381469727,2025-08-08
2211.TW,2025-08-08,85.5999984741211,78.20195159912109,82.39938735961914,87.91146392822266,2025-08-08
2227.TW,2025-08-08,58.599998474121094,57.95999984741211,60.95000076293945,73.54000091552734,2025-08-08
2228.TW,2025-08-08,105.0,83.93999938964843,86.30000305175781,88.292236328125,2025-08-08
2231.TW,2025-08-08,71.80000305175781,70.84475402832031,82.06671142578125,87.76430816650391,2025-08-08
2233.TW,2025-08-08,207.0,157.4905029296875,173.44134521484375,199.09720764160156,2025-08-08
2236.TW,2025-08-08,102.5,93.5,97.0,112.1,2025-08-08
2239.TW,2025-08-08,28.700000762939453,29.729999923706053,30.59999942779541,37.05999908447266,2025-08-08
2241.TW,2025-08-08,25.200000762939453,24.190000534057617,25.049999237060547,30.059999465942383,2025-08-08
2243.TW,2025-08-08,10.449999809265137,11.239999961853027,12.275000095367432,15.800000190734863,2025-08-08
2247.TW,2025-08-08,301.0,272.7326354980469,281.24078369140625,301.1875854492188,2025-08-08
2248.TW,2025-08-08,44.5,44.673282623291016,46.27548599243164,51.0444076538086,2025-08-08
2250.TW,2025-08-08,99.5999984741211,91.4,96.70000076293945,125.6,2025-08-08
2301.TW,2025-08-08,137.0,99.86000061035156,104.72294235229492,114.1,2025-08-08
2302.TW,2025-08-08,16.0,15.645762825012207,16.231778144836426,20.066625595092773,2025-08-08
2303.TW,2025-08-08,40.5,41.331764221191406,42.55292892456055,44.149837493896484,2025-08-08
2305.TW,2025-08-08,10.75,10.389999771118164,10.850000381469727,13.800000190734863,2025-08-08
2308.TW,2025-08-08,637.0,358.7187194824219,385.1485595703125,451.1,2025-08-08
2312.TW,2025-08-08,18.5,18.5,19.797819137573242,22.813504028320313,2025-08-08
2313.TW,2025-08-08,66.30000305175781,56.615074920654294,59.664297103881836,63.018743896484374,2025-08-08
2314.TW,2025-08-08,8.8100004196167,8.645999717712403,10.069999694824219,18.240000152587896,2025-08-08
2316.TW,2025-08-08,74.69999694824219,39.418364715576175,44.73954772949219,53.03345565795898,2025-08-08
2317.TW,2025-08-08,194.5,142.2343322753906,155.84020233154297,165.977783203125,2025-08-08
2321.TW,2025-08-08,15.300000190734863,14.0,14.5,15.010000038146973,2025-08-08
2323.TW,2025-08-08,8.34000015258789,7.949999809265137,8.095000267028809,9.699999809265137,2025-08-08
2324.TW,2025-08-08,29.450000762939453,27.789999389648436,28.824999809265137,35.56158981323242,2025-08-08
2327.TW,2025-08-08,545.0,453.9323791503906,484.3829803466797,521.164599609375,2025-08-08
2328.TW,2025-08-08,43.099998474121094,37.075494384765626,39.82499885559082,43.51999969482422,2025-08-08
2329.TW,2025-08-08,40.150001525878906,32.15477828979492,36.80131149291992,39.24337158203125,2025-08-08
2330.TW,2025-08-08,1175.0,939.6129272460937,993.7830810546875,1086.2517578125,2025-08-08
2331.TW,2025-08-08,17.549999237060547,16.784180068969725,18.187803268432617,19.591428375244142,2025-08-08
2332.TW,2025-08-08,17.200000762939453,16.349939346313477,17.200000762939453,20.325305938720703,2025-08-08
2337.TW,2025-08-08,19.049999237060547,19.889999771118163,21.200000762939453,21.860000228881837,2025-08-08
2338.TW,2025-08-08,31.850000381469727,29.34000015258789,31.300000190734863,43.80999908447266,2025-08-08
2340.TW,2025-08-08,20.350000381469727,20.100000381469727,20.975000381469727,25.41999969482422,2025-08-08
2342.TW,2025-08-08,21.399999618530273,21.639999771118163,23.274999618530273,29.679999542236327,2025-08-08
2344.TW,2025-08-08,17.450000762939453,16.539999389648436,18.125,19.15999984741211,2025-08-08
2345.TW,2025-08-08,989.0,621.668798828125,706.2623291015625,759.8612670898438,2025-08-08
2347.TW,2025-08-08,64.5999984741211,64.86813049316406,67.3415641784668,68.81761016845704,2025-08-08
2348.TW,2025-08-08,87.19999694824219,93.86087188720703,112.76087188720703,148.46087341308595,2025-08-08
2349.TW,2025-08-08,11.100000381469727,10.100000381469727,10.474999904632568,12.510000038146973,2025-08-08
2351.TW,2025-08-08,80.9000015258789,68.36015319824219,70.8776626586914,88.40342712402344,2025-08-08
2352.TW,2025-08-08,27.350000381469727,25.062864303588867,25.925447463989258,30.247953414916992,2025-08-08
2353.TW,2025-08-08,30.299999237060547,30.759999465942382,32.83380889892578,36.1171875,2025-08-08
2354.TW,2025-08-08,69.4000015258789,57.9249267578125,63.105384826660156,68.78584289550781,2025-08-08
2355.TW,2025-08-08,33.54999923706055,29.933261108398437,31.404460906982422,34.29027633666992,2025-08-08
2356.TW,2025-08-08,42.79999923706055,39.646636199951175,41.31460189819336,44.51184005737305,2025-08-08
2357.TW,2025-08-08,680.0,572.379443359375,622.2343139648438,650.1554321289062,2025-08-08
2359.TW,2025-08-08,144.5,131.5,138.9434051513672,147.87547302246094,2025-08-08
2360.TW,2025-08-08,502.0,302.0002685546875,327.1588439941406,424.6,2025-08-08
2362.TW,2025-08-08,45.5,44.641151428222656,45.35509490966797,46.79659805297852,2025-08-08
2363.TW,2025-08-08,55.0,47.19176559448242,49.9467658996582,59.837013244628906,2025-08-08
2364.TW,2025-08-08,116.5,79.22000274658203,86.70000076293945,92.38000183105468,2025-08-08
2365.TW,2025-08-08,42.54999923706055,33.99000015258789,37.53661346435547,42.559435272216795,2025-08-08
2367.TW,2025-08-08,28.0,23.950000762939453,25.675000190734863,29.059999465942383,2025-08-08
2368.TW,2025-08-08,409.0,208.74674377441406,225.85713958740234,298.5,2025-08-08
2369.TW,2025-08-08,14.449999809265137,14.0,14.850000381469727,16.929999542236327,2025-08-08
2371.TW,2025-08-08,37.54999923706055,37.24150466918945,39.060312271118164,42.0671630859375,2025-08-08
2373.TW,2025-08-08,57.79999923706055,57.39393615722656,57.86360549926758,60.963443756103516,2025-08-08
2374.TW,2025-08-08,74.0999984741211,48.60999984741211,53.70000076293945,59.70000076293945,2025-08-08
2375.TW,2025-08-08,57.29999923706055,54.26850280761719,56.94000244140625,61.71750259399414,2025-08-08
2376.TW,2025-08-08,286.0,235.36282348632812,257.0663757324219,273.9468994140625,2025-08-08
2377.TW,2025-08-08,150.5,139.0,143.5,171.1,2025-08-08
2379.TW,2025-08-08,539.0,518.0,549.0,564.4,2025-08-08
2380.TW,2025-08-08,4.070000171661377,3.6600000858306885,3.869999885559082,4.141999912261963,2025-08-08
2382.TW,2025-08-08,290.5,237.56655578613282,254.1265411376953,272.5,2025-08-08
2383.TW,2025-08-08,1150.0,575.4,677.5,924.0,2025-08-08
2385.TW,2025-08-08,134.5,133.0,146.271240234375,156.5522918701172,2025-08-08
2387.TW,2025-08-08,43.95000076293945,45.155714416503905,47.78095245361328,58.368254852294925,2025-08-08
2388.TW,2025-08-08,58.0,61.75999908447265,67.48439407348633,85.9454132080078,2025-08-08
2390.TW,2025-08-08,10.649999618530273,10.29000015258789,11.0,12.100000381469727,2025-08-08
2392.TW,2025-08-08,59.0,48.32327651977539,51.002586364746094,59.04637985229492,2025-08-08
2393.TW,2025-08-08,67.30000305175781,68.64854278564454,71.8762092590332,77.10864868164063,2025-08-08
2395.TW,2025-08-08,322.0,335.3,343.0,390.1,2025-08-08
2397.TW,2025-08-08,77.5,59.49400024414062,62.647422790527344,73.43169708251953,2025-08-08
2399.TW,2025-08-08,18.75,18.200000762939453,18.899999618530273,23.210000610351564,2025-08-08
2401.TW,2025-08-08,19.399999618530273,19.100000381469727,20.550000190734863,27.72000045776367,2025-08-08
2402.TW,2025-08-08,41.70000076293945,35.55590972900391,37.317047119140625,38.60219955444336,2025-08-08
2404.TW,2025-08-08,965.0,424.9296569824219,470.11448669433594,629.70341796875,2025-08-08
2405.TW,2025-08-08,18.799999237060547,15.935461807250977,16.584619522094727,20.872976303100586,2025-08-08
2406.TW,2025-08-08,18.950000762939453,11.389999771118164,12.100000381469727,14.409999656677247,2025-08-08
2408.TW,2025-08-08,43.95000076293945,37.20000076293945,42.22500038146973,48.460000610351564,2025-08-08
2409.TW,2025-08-08,11.899999618530273,11.938848495483398,12.426148414611816,14.346110343933105,2025-08-08
2412.TW,2025-08-08,134.0,123.24163818359375,125.16728973388672,130.0,2025-08-08
2413.TW,2025-08-08,19.5,17.799999237060547,18.675000190734863,24.110000228881837,2025-08-08
2414.TW,2025-08-08,42.150001525878906,35.706967163085935,38.12266159057617,39.783450317382815,2025-08-08
2415.TW,2025-08-08,24.100000381469727,22.498461532592774,23.399999618530273,26.469895935058595,2025-08-08
2417.TW,2025-08-08,43.04999923706055,36.479365539550784,39.184486389160156,45.151668548583984,2025-08-08
2419.TW,2025-08-08,22.799999237060547,20.950000762939453,22.700000762939453,26.620000457763673,2025-08-08
2420.TW,2025-08-08,58.900001525878906,52.880001068115234,54.54999923706055,63.619998931884766,2025-08-08
2421.TW,2025-08-08,131.5,86.80673675537109,99.32341766357422,103.53255767822266,2025-08-08
2423.TW,2025-08-08,46.25,40.91108322143555,42.34660530090332,44.338279724121094,2025-08-08
2424.TW,2025-08-08,60.5,59.0,68.10000228881836,89.82000274658203,2025-08-08
2425.TW,2025-08-08,34.70000076293945,34.70000076293945,35.917236328125,37.68447494506836,2025-08-08
2426.TW,2025-08-08,15.600000381469727,15.350000381469727,15.952940940856934,19.932058334350586,2025-08-08
2427.TW,2025-08-08,31.549999237060547,24.408748626708984,26.84669303894043,28.15116310119629,2025-08-08
2428.TW,2025-08-08,149.0,130.9,135.0,158.1,2025-08-08
2429.TW,2025-08-08,83.0,45.67000122070313,58.14999961853027,70.19999847412109,2025-08-08
2430.TW,2025-08-08,24.299999237060547,24.440000534057617,25.625,28.84887237548828,2025-08-08
2431.TW,2025-08-08,11.75,10.949999809265137,11.75,14.350000381469727,2025-08-08
2433.TW,2025-08-08,49.20000076293945,47.3411750793457,47.62352752685547,49.20000076293945,2025-08-08
2434.TW,2025-08-08,29.200000762939453,28.5,29.350000381469727,29.850000381469727,2025-08-08
2436.TW,2025-08-08,46.04999923706055,44.81529846191406,49.349998474121094,53.94523620605469,2025-08-08
2438.TW,2025-08-08,26.649999618530273,27.299999237060547,30.074999809265137,34.23000030517578,2025-08-08
2439.TW,2025-08-08,117.5,111.9,114.75,123.0,2025-08-08
2440.TW,2025-08-08,12.800000190734863,12.300000190734863,13.075000286102295,14.419999694824218,2025-08-08
2441.TW,2025-08-08,62.0,55.18000030517578,57.75,61.44000091552734,2025-08-08
2442.TW,2025-08-08,26.600000381469727,24.74000015258789,25.475000381469727,26.360000228881837,2025-08-08
2444.TW,2025-08-08,11.399999618530273,11.399999618530273,11.924999713897705,15.55,2025-08-08
2449.TW,2025-08-08,133.5,86.31509704589844,96.70755004882812,107.00377807617188,2025-08-08
2450.TW,2025-08-08,30.0,29.49105758666992,30.049999237060547,32.296630859375,2025-08-08
2451.TW,2025-08-08,93.0,90.24000244140625,95.48026657104492,97.82341766357422,2025-08-08
2453.TW,2025-08-08,60.29999923706055,55.51777648925781,57.81111145019531,61.06933288574219,2025-08-08
2454.TW,2025-08-08,1350.0,1260.193115234375,1339.3243408203125,1432.7953857421876,2025-08-08
2455.TW,2025-08-08,146.0,98.48943634033203,124.29812240600586,136.0,2025-08-08
2457.TW,2025-08-08,22.600000381469727,21.850000381469727,23.949999809265137,31.199999618530274,2025-08-08
2458.TW,2025-08-08,120.0,122.9,127.5,150.55930786132814,2025-08-08
2459.TW,2025-08-08,61.099998474121094,57.54683990478516,60.3838996887207,64.74730682373047,2025-08-08
2460.TW,2025-08-08,19.850000381469727,17.11999969482422,18.024999618530273,21.899999618530273,2025-08-08
2461.TW,2025-08-08,17.100000381469727,16.200000762939453,17.100000381469727,19.899999618530273,2025-08-08
2462.TW,2025-08-08,24.399999618530273,19.919052124023438,21.6595516204834,25.64336242675781,2025-08-08
2464.TW,2025-08-08,62.599998474121094,56.71999969482422,59.83734893798828,71.72529602050781,2025-08-08
2465.TW,2025-08-08,65.0,51.57999877929687,61.0,67.01999969482422,2025-08-08
2466.TW,2025-08-08,79.0,81.86000061035156,85.9000015258789,88.92000274658203,2025-08-08
2467.TW,2025-08-08,155.0,137.8793701171875,150.25,162.1825408935547,2025-08-08
2468.TW,2025-08-08,53.599998474121094,44.37999954223633,61.35000038146973,67.44000091552735,2025-08-08
2471.TW,2025-08-08,53.0,52.85432357788086,54.150142669677734,57.24308395385742,2025-08-08
2472.TW,2025-08-08,79.5,73.48000030517578,76.9000015258789,87.63999938964844,2025-08-08
2474.TW,2025-08-08,214.0,198.5578155517578,204.32705688476562,211.01156616210938,2025-08-08
2476.TW,2025-08-08,84.0999984741211,70.69999694824219,74.0999984741211,89.61999816894532,2025-08-08
2477.TW,2025-08-08,21.549999237060547,20.289999389648436,21.425000190734863,25.638101959228514,2025-08-08
2478.TW,2025-08-08,42.04999923706055,41.640000915527345,42.956199645996094,44.703609466552734,2025-08-08
2480.TW,2025-08-08,177.0,138.12338256835938,152.4560089111328,158.79425964355468,2025-08-08
2481.TW,2025-08-08,48.650001525878906,45.21191558837891,48.55914878845215,50.9361686706543,2025-08-08
2482.TW,2025-08-08,18.700000762939453,17.752735137939453,18.665996551513672,22.853984832763672,2025-08-08
2483.TW,2025-08-08,18.350000381469727,17.289999389648436,18.324999809265137,21.35137939453125,2025-08-08
2484.TW,2025-08-08,21.799999237060547,20.350000381469727,21.850000381469727,25.559999465942383,2025-08-08
2485.TW,2025-08-08,11.899999618530273,11.350000381469727,11.825000286102295,14.20999984741211,2025-08-08
2486.TW,2025-08-08,78.80000305175781,74.70000305175782,78.55353546142578,103.84370422363281,2025-08-08
2488.TW,2025-08-08,49.0,45.75,46.599998474121094,54.220000457763675,2025-08-08
2489.TW,2025-08-08,13.050000190734863,13.689999771118163,14.199999809265137,17.120000457763673,2025-08-08
2491.TW,2025-08-08,10.100000381469727,10.100000381469727,10.75,13.45999984741211,2025-08-08
2492.TW,2025-08-08,81.19999694824219,77.50703430175781,80.4085922241211,92.11599426269531,2025-08-08
2493.TW,2025-08-08,141.5,89.80000305175781,96.30000305175781,98.21999816894531,2025-08-08
2495.TW,2025-08-08,20.950000762939453,21.290447235107422,22.225000381469727,27.260086441040038,2025-08-08
2496.TW,2025-08-08,70.4000015258789,70.91999969482421,73.95000076293945,83.31999969482422,2025-08-08
2497.TW,2025-08-08,41.599998474121094,38.98097610473633,43.16158485412598,54.923413848876955,2025-08-08
2498.TW,2025-08-08,41.25,37.99000015258789,39.57500076293945,44.33999938964844,2025-08-08
2501.TW,2025-08-08,20.299999237060547,18.302583694458008,18.99011516571045,21.498422622680664,2025-08-08
2504.TW,2025-08-08,38.5,38.149591064453126,39.5026798248291,40.55384140014648,2025-08-08
2505.TW,2025-08-08,19.299999237060547,18.99000015258789,19.899999618530273,21.149999618530273,2025-08-08
2506.TW,2025-08-08,9.699999809265137,9.753691864013671,10.0,10.769229888916016,2025-08-08
2509.TW,2025-08-08,13.300000190734863,13.280000114440918,14.449999809265137,16.200000762939453,2025-08-08
2511.TW,2025-08-08,9.220000267028809,8.98061466217041,9.221405029296875,9.939709091186524,2025-08-08
2514.TW,2025-08-08,15.600000381469727,16.24000015258789,17.299999237060547,20.100000381469727,2025-08-08
2515.TW,2025-08-08,11.350000381469727,10.590000343322753,11.300000190734863,11.550000190734863,2025-08-08
2516.TW,2025-08-08,14.75,16.299999237060547,18.425000190734863,21.41999969482422,2025-08-08
2520.TW,2025-08-08,40.650001525878906,42.304073333740234,44.89878845214844,47.16280670166016,2025-08-08
2524.TW,2025-08-08,42.099998474121094,44.58999862670898,49.32499885559082,60.15999984741211,2025-08-08
2527.TW,2025-08-08,26.899999618530273,27.649999618530273,29.049999237060547,34.54000015258789,2025-08-08
2528.TW,2025-08-08,28.200000762939453,29.93333168029785,33.11904716491699,40.599998474121094,2025-08-08
2530.TW,2025-08-08,28.5,30.66846694946289,33.152000427246094,39.05038604736328,2025-08-08
2534.TW,2025-08-08,23.049999237060547,23.24000015258789,24.290019989013672,24.96966094970703,2025-08-08
2535.TW,2025-08-08,60.20000076293945,54.73768081665039,57.28861045837402,59.81999969482422,2025-08-08
2536.TW,2025-08-08,27.350000381469727,28.68845405578613,29.58281898498535,30.614776611328125,2025-08-08
2537.TW,2025-08-08,11.0,11.0,11.674999713897705,13.300000190734863,2025-08-08
2538.TW,2025-08-08,12.149999618530273,12.2335786819458,12.6129150390625,13.988006591796875,2025-08-08
2539.TW,2025-08-08,68.5999984741211,60.599998474121094,62.54999923706055,65.4000015258789,2025-08-08
2540.TW,2025-08-08,77.19999694824219,77.28000183105469,79.85000228881836,86.21999816894531,2025-08-08
2542.TW,2025-08-08,42.04999923706055,40.33999862670898,41.79999923706055,43.23000030517578,2025-08-08
2543.TW,2025-08-08,72.4000015258789,76.72000274658203,82.5,92.66000061035156,2025-08-08
2545.TW,2025-08-08,39.79999923706055,42.06999893188477,47.61083221435547,61.95342788696289,2025-08-08
2546.TW,2025-08-08,81.9000015258789,71.89879608154297,73.8456802368164,76.42642974853516,2025-08-08
2547.TW,2025-08-08,11.25,11.379469680786134,11.910917282104492,12.863791465759277,2025-08-08
2548.TW,2025-08-08,95.69999694824219,94.62193756103515,100.08755493164062,104.14515686035156,2025-08-08
2597.TW,2025-08-08,167.0,138.43650817871094,143.30653381347656,150.2523223876953,2025-08-08
2601.TW,2025-08-08,6.050000190734863,5.927999877929688,6.295000076293945,7.6120000839233395,2025-08-08
2603.TW,2025-08-08,197.5,184.91683959960938,197.50253295898438,206.62069702148438,2025-08-08
2605.TW,2025-08-08,23.25,21.279550552368164,22.113483428955078,25.516630172729492,2025-08-08
2606.TW,2025-08-08,54.599998474121094,50.185420989990234,53.83567810058594,65.47732543945312,2025-08-08
2607.TW,2025-08-08,37.79999923706055,29.1651668548584,31.5675687789917,34.30999908447266,2025-08-08
2608.TW,2025-08-08,33.70000076293945,33.849998474121094,34.849998474121094,36.6259162902832,2025-08-08
2609.TW,2025-08-08,61.0,62.62307891845703,65.00318908691406,68.84693450927735,2025-08-08
2610.TW,2025-08-08,20.950000762939453,20.620519638061523,21.343202590942383,23.077638626098633,2025-08-08
2611.TW,2025-08-08,16.600000381469727,16.850000381469727,18.574801445007324,20.636627197265625,2025-08-08
2612.TW,2025-08-08,51.20000076293945,41.039598083496095,44.474998474121094,46.55423812866211,2025-08-08
2613.TW,2025-08-08,27.399999618530273,27.0,28.774999618530273,32.363581848144534,2025-08-08
2614.TW,2025-08-08,15.899999618530273,15.162433242797851,15.699999809265137,16.13774185180664,2025-08-08
2615.TW,2025-08-08,89.0,80.18791046142579,88.25,96.2486358642578,2025-08-08
2616.TW,2025-08-08,14.350000381469727,14.678389358520509,15.187919616699219,16.657718658447266,2025-08-08
2617.TW,2025-08-08,27.899999618530273,26.47116470336914,27.465608596801758,29.852275848388672,2025-08-08
2618.TW,2025-08-08,38.599998474121094,37.38538131713867,38.52459526062012,40.664695739746094,2025-08-08
2630.TW,2025-08-08,47.0,35.0,36.57499885559082,38.66000137329102,2025-08-08
2633.TW,2025-08-08,27.950000762939453,26.197895050048828,26.775789260864258,27.555947494506835,2025-08-08
2634.TW,2025-08-08,49.0,42.27046890258789,43.33191680908203,45.743283081054685,2025-08-08
2636.TW,2025-08-08,72.5,70.22526702880859,72.75,76.57315979003906,2025-08-08
2637.TW,2025-08-08,61.70000076293945,55.877864074707034,59.20686721801758,69.16397094726562,2025-08-08
2642.TW,2025-08-08,25.600000381469727,25.899999618530273,26.925000190734863,31.819267654418947,2025-08-08
2645.TW,2025-08-08,151.0,98.56459045410156,101.0,107.65550231933594,2025-08-08
2646.TW,2025-08-08,26.0,25.289999389648436,25.925000190734863,27.020000076293947,2025-08-08
2701.TW,2025-08-08,11.350000381469727,11.300000190734863,11.600000381469727,12.449999809265137,2025-08-08
2702.TW,2025-08-08,12.949999809265137,12.949999809265137,13.350000381469727,16.069999313354494,2025-08-08
2704.TW,2025-08-08,43.650001525878906,42.9603874206543,44.81834411621094,50.89624786376953,2025-08-08
2705.TW,2025-08-08,16.950000762939453,17.049999237060547,18.0,18.50999984741211,2025-08-08
2706.TW,2025-08-08,13.399999618530273,13.29000015258789,13.600000381469727,14.600000381469727,2025-08-08
2707.TW,2025-08-08,192.0,191.5,193.5,197.0,2025-08-08
2712.TW,2025-08-08,19.299999237060547,19.450000762939453,20.0,23.610000228881837,2025-08-08
2722.TW,2025-08-08,29.549999237060547,28.507932662963867,30.000247955322266,31.64231300354004,2025-08-08
2723.TW,2025-08-08,81.30000305175781,82.76000213623047,87.79200744628906,92.9051742553711,2025-08-08
2727.TW,2025-08-08,227.5,213.30223083496094,225.80858612060547,233.5,2025-08-08
2731.TW,2025-08-08,152.5,122.4765625,140.5859375,156.35,2025-08-08
2739.TW,2025-08-08,37.79999923706055,38.99025039672851,40.560001373291016,47.3849983215332,2025-08-08
2748.TW,2025-08-08,50.599998474121094,49.630001068115234,50.599998474121094,59.01999969482422,2025-08-08
2753.TW,2025-08-08,189.5,165.69847106933594,176.41317749023438,188.5,2025-08-08
2762.TW,2025-08-08,76.80000305175781,76.32231140136719,77.80000305175781,86.5431900024414,2025-08-08
2801.TW,2025-08-08,19.549999237060547,16.598997116088867,17.01629066467285,18.129072189331055,2025-08-08
2809.TW,2025-08-08,56.29999923706055,49.44000091552734,50.70000076293945,52.619998931884766,2025-08-08
2812.TW,2025-08-08,22.950000762939453,19.100000381469727,20.700000762939453,21.950000762939453,2025-08-08
2816.TW,2025-08-08,26.899999618530273,25.147158813476562,25.942328453063965,30.0592041015625,2025-08-08
2820.TW,2025-08-08,15.399999618530273,14.25,14.511250019073486,15.149999618530273,2025-08-08
2832.TW,2025-08-08,33.04999923706055,30.059809112548827,31.475000381469727,32.376913452148436,2025-08-08
2834.TW,2025-08-08,15.399999618530273,13.547337532043457,14.105990409851074,14.627400588989257,2025-08-08
2836.TW,2025-08-08,11.699999809265137,10.979207992553711,11.12118148803711,11.509239768981933,2025-08-08
2838.TW,2025-08-08,17.200000762939453,14.872688293457031,15.65064525604248,16.474363327026367,2025-08-08
2845.TW,2025-08-08,13.850000381469727,12.850000381469727,13.050000190734863,13.649999618530273,2025-08-08
2849.TW,2025-08-08,13.300000190734863,12.88514518737793,13.399999618530273,13.808985710144043,2025-08-08
2850.TW,2025-08-08,102.0,95.38471221923828,98.17645263671875,100.50291442871094,2025-08-08
2851.TW,2025-08-08,24.100000381469727,23.100000381469727,23.72371482849121,25.120315933227538,2025-08-08
2852.TW,2025-08-08,25.950000762939453,25.299999237060547,25.968551635742188,26.940637588500977,2025-08-08
2855.TW,2025-08-08,20.149999618530273,19.101287841796875,19.553007125854492,22.585981369018555,2025-08-08
2867.TW,2025-08-08,5.289999961853027,5.048000144958496,5.270000219345093,6.632000064849853,2025-08-08
2880.TW,2025-08-08,29.649999618530273,26.649999618530273,27.675000190734863,28.25999984741211,2025-08-08
2881.TW,2025-08-08,85.19999694824219,76.35273132324218,82.5999984741211,85.22662963867188,2025-08-08
2882.TW,2025-08-08,63.20000076293945,55.370721435546876,62.25927734375,63.42000122070313,2025-08-08
2883.TW,2025-08-08,15.600000381469727,15.141580390930176,15.517072677612305,17.144392013549805,2025-08-08
2884.TW,2025-08-08,33.25,27.551647186279297,28.649892807006836,31.869304656982422,2025-08-08
2885.TW,2025-08-08,32.75,30.203924560546874,31.96475124359131,33.46869812011719,2025-08-08
2886.TW,2025-08-08,40.599998474121094,37.43330459594726,38.4634895324707,40.235025787353514,2025-08-08
2887.TW,2025-08-08,16.600000381469727,16.039999389648436,16.75,17.460000610351564,2025-08-08
2889.TW,2025-08-08,15.0,11.714497947692871,12.844008445739746,14.004936408996583,2025-08-08
2890.TW,2025-08-08,26.149999618530273,22.149999618530273,22.950000762939453,24.610000228881837,2025-08-08
2891.TW,2025-08-08,43.0,37.778385925292966,38.8727912902832,41.71729507446289,2025-08-08
2892.TW,2025-08-08,28.200000762939453,24.836570739746094,26.074146270751953,27.784082412719727,2025-08-08
2897.TW,2025-08-08,9.119999885559082,8.846214294433594,9.086631774902344,9.400877761840821,2025-08-08
2901.TW,2025-08-08,26.299999237060547,25.149999618530273,26.0,27.200000762939453,2025-08-08
2903.TW,2025-08-08,21.549999237060547,21.350000381469727,21.799999237060547,22.87258529663086,2025-08-08
2904.TW,2025-08-08,17.549999237060547,17.126882553100586,17.387096405029297,17.514301300048828,2025-08-08
2905.TW,2025-08-08,12.100000381469727,12.25,12.949999809265137,14.5,2025-08-08
2906.TW,2025-08-08,15.199999809265137,14.850000381469727,15.242233276367188,16.397475051879884,2025-08-08
2908.TW,2025-08-08,20.350000381469727,19.42583656311035,19.731459617614746,19.90430450439453,2025-08-08
2910.TW,2025-08-08,20.899999618530273,21.200000762939453,21.774999618530273,22.816834259033204,2025-08-08
2911.TW,2025-08-08,4.599999904632568,4.936000061035156,5.150000095367432,6.119999885559082,2025-08-08
2912.TW,2025-08-08,258.5,248.0919982910156,251.56857299804688,254.9485626220703,2025-08-08
2913.TW,2025-08-08,14.949999809265137,15.100000381469727,15.775000095367432,19.00999984741211,2025-08-08
2915.TW,2025-08-08,54.599998474121094,50.12819290161133,51.70065689086914,60.420677185058594,2025-08-08
2923.TW,2025-08-08,22.75,22.050000381469726,23.299999237060547,24.350000381469727,2025-08-08
2929.TW,2025-08-08,9.600000381469727,9.227999687194824,10.300000190734863,12.55,2025-08-08
2939.TW,2025-08-08,27.700000762939453,27.799999237060547,30.074999809265137,31.899999618530273,2025-08-08
2945.TW,2025-08-08,38.150001525878906,37.32454223632813,37.885324478149414,38.50924911499023,2025-08-08
3002.TW,2025-08-08,14.5,13.449999809265137,13.699999809265137,14.810000228881837,2025-08-08
3003.TW,2025-08-08,52.0,50.57999877929687,53.29999923706055,65.33043670654297,2025-08-08
3004.TW,2025-08-08,124.5,95.83694458007812,108.75,135.0,2025-08-08
3005.TW,2025-08-08,122.0,106.62633361816407,114.03885650634766,119.0,2025-08-08
3006.TW,2025-08-08,52.5,50.099998474121094,52.730417251586914,63.5313362121582,2025-08-08
3008.TW,2025-08-08,2405.0,2209.0,2340.0,2461.5,2025-08-08
3010.TW,2025-08-08,102.0,91.12362976074219,95.35000228881836,102.03894500732422,2025-08-08
3011.TW,2025-08-08,15.199999809265137,12.300000190734863,13.424999713897705,17.65999984741211,2025-08-08
3013.TW,2025-08-08,134.0,94.4986572265625,121.5,132.9509246826172,2025-08-08
3014.TW,2025-08-08,134.0,122.86131286621094,129.7007293701172,140.14598083496094,2025-08-08
3015.TW,2025-08-08,55.20000076293945,51.39130401611328,56.29999923706055,59.30937042236328,2025-08-08
3016.TW,2025-08-08,34.099998474121094,31.28539581298828,33.35634994506836,39.61111068725586,2025-08-08
3017.TW,2025-08-08,1090.0,511.8,596.5,778.2,2025-08-08
3018.TW,2025-08-08,15.75,15.139999771118164,20.65000057220459,26.0,2025-08-08
3019.TW,2025-08-08,152.0,126.99481201171875,133.91110229492188,150.11629943847657,2025-08-08
3021.TW,2025-08-08,18.350000381469727,17.200000762939453,17.950000762939453,23.360000228881837,2025-08-08
3022.TW,2025-08-08,74.5,74.25977325439453,77.29888153076172,89.15326080322266,2025-08-08
3023.TW,2025-08-08,245.0,220.0,228.75,272.6,2025-08-08
3024.TW,2025-08-08,13.25,13.13520622253418,14.259550094604492,16.316029739379882,2025-08-08
3025.TW,2025-08-08,49.29999923706055,49.29999923706055,50.95000076293945,63.619998931884766,2025-08-08
3026.TW,2025-08-08,80.9000015258789,77.53679809570312,79.55471420288086,82.23612365722656,2025-08-08
3027.TW,2025-08-08,28.700000762939453,29.100000381469727,31.049999237060547,34.119998931884766,2025-08-08
3028.TW,2025-08-08,32.900001525878906,29.501771926879883,31.565488815307617,32.22212219238281,2025-08-08
3029.TW,2025-08-08,121.0,112.4,117.75,137.53061218261718,2025-08-08
3030.TW,2025-08-08,166.0,105.25605926513671,122.18939208984375,144.1,2025-08-08
3031.TW,2025-08-08,17.100000381469727,16.780054092407227,17.418169021606445,20.58983612060547,2025-08-08
3032.TW,2025-08-08,108.5,68.0,84.60000228881836,95.80000305175781,2025-08-08
3033.TW,2025-08-08,35.400001525878906,32.880001068115234,33.79999923706055,35.16000137329102,2025-08-08
3034.TW,2025-08-08,440.0,476.62548828125,496.0,514.7175903320312,2025-08-08
3035.TW,2025-08-08,155.0,175.51336669921875,182.89137268066406,226.844287109375,2025-08-08
3036.TW,2025-08-08,126.0,99.32740020751953,114.84730529785156,130.0,2025-08-08
3037.TW,2025-08-08,137.0,94.21204833984375,105.93669128417969,125.5877456665039,2025-08-08
3038.TW,2025-08-08,22.450000762939453,22.289999389648436,23.074999809265137,26.702813339233398,2025-08-08
3040.TW,2025-08-08,63.400001525878906,43.79921340942383,50.54133987426758,64.21999816894531,2025-08-08
3041.TW,2025-08-08,26.399999618530273,24.889999771118163,25.850000381469727,31.369999313354494,2025-08-08
3042.TW,2025-08-08,84.5,83.88081665039063,87.01448822021484,93.84162902832031,2025-08-08
3043.TW,2025-08-08,23.350000381469727,22.940000534057617,25.375,32.54000015258789,2025-08-08
3044.TW,2025-08-08,312.0,187.81290283203126,199.75504302978516,235.96514892578125,2025-08-08
3045.TW,2025-08-08,107.5,107.90796508789063,109.94026947021484,111.8606185913086,2025-08-08
3046.TW,2025-08-08,44.599998474121094,42.462371826171875,45.988298416137695,49.57094497680664,2025-08-08
3047.TW,2025-08-08,18.399999618530273,18.450000762939453,20.25,25.360000228881837,2025-08-08
3048.TW,2025-08-08,26.600000381469727,25.479999923706053,26.899999618530273,28.699999618530274,2025-08-08
3049.TW,2025-08-08,6.190000057220459,6.086000156402588,6.744999885559082,8.306000137329102,2025-08-08
3050.TW,2025-08-08,13.699999809265137,13.149999618530273,13.649999618530273,16.13000030517578,2025-08-08
3051.TW,2025-08-08,23.350000381469727,24.015644836425782,26.609899520874023,28.691595840454102,2025-08-08
3052.TW,2025-08-08,12.199999809265137,11.800000190734863,12.474999904632568,13.219999885559082,2025-08-08
3054.TW,2025-08-08,23.200000762939453,22.27999954223633,23.0,23.860000228881837,2025-08-08
3055.TW,2025-08-08,59.5,50.99067001342773,59.085365295410156,70.66609649658203,2025-08-08
3056.TW,2025-08-08,23.850000381469727,23.167295074462892,24.096449851989746,25.631031799316407,2025-08-08
3057.TW,2025-08-08,10.949999809265137,8.697999572753906,10.550000190734863,11.800000190734863,2025-08-08
3058.TW,2025-08-08,10.0,9.41200008392334,10.275000095367432,14.310000228881837,2025-08-08
3059.TW,2025-08-08,42.400001525878906,37.28000030517578,39.82499885559082,42.2000015258789,2025-08-08
3060.TW,2025-08-08,20.399999618530273,20.4833251953125,22.778361320495605,24.916135787963867,2025-08-08
3062.TW,2025-08-08,27.399999618530273,22.440000534057617,24.625,28.120000457763673,2025-08-08
3090.TW,2025-08-08,70.69999694824219,66.01309509277344,70.58224105834961,73.61193542480468,2025-08-08
3092.TW,2025-08-08,18.149999618530273,18.25,19.600000381469727,26.980000686645507,2025-08-08
3094.TW,2025-08-08,24.200000762939453,23.842470169067383,25.06729793548584,28.66063690185547,2025-08-08
3130.TW,2025-08-08,232.0,211.87246704101562,215.1609649658203,221.5475860595703,2025-08-08
3135.TW,2025-08-08,32.29999923706055,30.34000015258789,32.27499961853027,36.05999908447266,2025-08-08
3138.TW,2025-08-08,92.4000015258789,83.09544830322265,87.5,103.24069213867188,2025-08-08
3149.TW,2025-08-08,31.75,30.440000534057617,31.949999809265137,35.32999954223633,2025-08-08
3164.TW,2025-08-08,20.149999618530273,19.595644760131837,20.350000381469727,20.950000762939453,2025-08-08
3167.TW,2025-08-08,188.0,75.72000274658203,94.10000228881836,130.2,2025-08-08
3168.TW,2025-08-08,48.099998474121094,44.75,45.79297637939453,46.63838577270508,2025-08-08
3189.TW,2025-08-08,101.5,76.4388916015625,85.42065811157227,100.05829162597657,2025-08-08
3209.TW,2025-08-08,35.75,36.0,37.57499885559082,38.29999923706055,2025-08-08
3229.TW,2025-08-08,16.0,13.54000015258789,14.600000381469727,17.00999984741211,2025-08-08
3231.TW,2025-08-08,124.5,100.46743621826172,109.3833999633789,118.6,2025-08-08
3257.TW,2025-08-08,58.599998474121094,51.320001220703126,57.447174072265625,61.01999969482422,2025-08-08
3266.TW,2025-08-08,14.449999809265137,14.652426719665527,14.98543643951416,15.651456832885742,2025-08-08
3296.TW,2025-08-08,23.399999618530273,19.74000015258789,21.049999237060547,24.679999542236327,2025-08-08
3305.TW,2025-08-08,76.30000305175781,54.979872131347655,61.15284729003906,65.48375854492187,2025-08-08
3308.TW,2025-08-08,18.0,17.440000534057617,18.049999237060547,22.049999237060547,2025-08-08
3311.TW,2025-08-08,37.25,32.449378967285156,37.12114334106445,38.192178344726564,2025-08-08
3312.TW,2025-08-08,45.04999923706055,45.36040115356445,48.562313079833984,51.40522384643555,2025-08-08
3321.TW,2025-08-08,7.449999809265137,6.1979998588562015,6.68999981880188,8.186000061035157,2025-08-08
3338.TW,2025-08-08,59.20000076293945,49.16584091186523,51.721696853637695,57.91797790527344,2025-08-08
3346.TW,2025-08-08,24.100000381469727,24.49000015258789,27.049999237060547,33.220000457763675,2025-08-08
3356.TW,2025-08-08,50.400001525878906,49.150001525878906,51.04999923706055,58.20000076293945,2025-08-08
3376.TW,2025-08-08,233.5,181.0504364013672,207.4434814453125,242.69913330078126,2025-08-08
3380.TW,2025-08-08,26.200000762939453,25.934110641479492,27.425000190734863,31.352314376831053,2025-08-08
3406.TW,2025-08-08,438.5,366.5391418457031,396.0,434.1304382324219,2025-08-08
3413.TW,2025-08-08,321.0,266.4575500488281,291.88433837890625,304.6,2025-08-08
3416.TW,2025-08-08,161.5,128.67869567871094,138.52166748046875,151.5,2025-08-08
3419.TW,2025-08-08,13.0,12.939999771118163,14.350000381469727,16.809999465942383,2025-08-08
3432.TW,2025-08-08,14.699999809265137,14.100000381469727,14.850000381469727,16.110000228881837,2025-08-08
3437.TW,2025-08-08,15.0,14.590000343322753,15.699999809265137,19.90999984741211,2025-08-08
3443.TW,2025-08-08,1230.0,1068.31689453125,1167.5,1256.0,2025-08-08
3447.TW,2025-08-08,66.0,47.36843338012695,50.44315719604492,63.577040100097655,2025-08-08
3450.TW,2025-08-08,187.0,192.5,206.2593231201172,264.3822937011719,2025-08-08
3454.TW,2025-08-08,94.0999984741211,103.22159576416016,107.86901473999023,133.649951171875,2025-08-08
3481.TW,2025-08-08,11.75,11.689999771118163,12.739183902740479,13.84326171875,2025-08-08
3494.TW,2025-08-08,13.199999809265137,13.479999923706055,14.800000190734863,18.850000381469727,2025-08-08
3501.TW,2025-08-08,55.29999923706055,53.19700546264649,54.520408630371094,58.06190490722656,2025-08-08
3504.TW,2025-08-08,56.900001525878906,45.120001220703124,47.39999961853027,60.0,2025-08-08
3515.TW,2025-08-08,289.0,180.39400634765624,211.55208587646484,261.6,2025-08-08
3518.TW,2025-08-08,19.350000381469727,16.0,17.274999618530273,21.950000762939453,2025-08-08
3528.TW,2025-08-08,87.4000015258789,66.56000137329102,81.29999923706055,87.32000274658203,2025-08-08
3530.TW,2025-08-08,54.599998474121094,56.779999542236325,60.45000076293945,76.11999816894532,2025-08-08
3532.TW,2025-08-08,84.80000305175781,73.05821228027344,77.64876556396484,89.57173919677734,2025-08-08
3533.TW,2025-08-08,1495.0,1229.0955810546875,1343.2606201171875,1511.83623046875,2025-08-08
3535.TW,2025-08-08,67.30000305175781,33.04999923706055,41.875,54.460001373291014,2025-08-08
3543.TW,2025-08-08,36.20000076293945,18.653658294677733,20.221951484680176,22.614635467529297,2025-08-08
3545.TW,2025-08-08,65.30000305175781,61.68000030517578,65.30000305175781,74.92000122070313,2025-08-08
3550.TW,2025-08-08,15.300000190734863,13.300000190734863,14.050000190734863,15.800000190734863,2025-08-08
3557.TW,2025-08-08,46.25,44.65316314697266,46.22500038146973,59.796142578125,2025-08-08
3563.TW,2025-08-08,472.5,415.16456298828126,510.0,547.2083129882812,2025-08-08
3576.TW,2025-08-08,6.880000114440918,6.847999954223633,8.069999694824219,9.850000190734864,2025-08-08
3583.TW,2025-08-08,369.5,272.68898315429686,319.14088439941406,345.6,2025-08-08
3588.TW,2025-08-08,43.400001525878906,44.20753173828125,46.861480712890625,60.17334976196289,2025-08-08
3591.TW,2025-08-08,17.850000381469727,17.591415023803712,18.636401176452637,23.40943145751953,2025-08-08
3592.TW,2025-08-08,315.0,314.2894775390625,342.9209747314453,359.0,2025-08-08
3593.TW,2025-08-08,7.119999885559082,7.28000020980835,7.775000095367432,8.51200008392334,2025-08-08
3596.TW,2025-08-08,229.0,193.0,202.5700912475586,218.07943725585938,2025-08-08
3605.TW,2025-08-08,64.0,50.91999969482422,57.54999923706055,60.79999923706055,2025-08-08
3607.TW,2025-08-08,13.550000190734863,13.816498756408691,14.22264289855957,16.408283615112303,2025-08-08
3617.TW,2025-08-08,224.5,239.79677734375,251.36289978027344,293.1440734863281,2025-08-08
3622.TW,2025-08-08,58.5,52.0,54.04999923706055,58.81999969482422,2025-08-08
3645.TW,2025-08-08,69.9000015258789,54.609239959716795,58.83086967468262,65.12759399414062,2025-08-08
3652.TW,2025-08-08,30.450000762939453,27.56849822998047,29.74516201019287,35.58077697753906,2025-08-08
3653.TW,2025-08-08,1510.0,1049.6497802734375,1303.5555419921875,1446.5953125,2025-08-08
3661.TW,2025-08-08,3840.0,2503.0,2855.0,3390.0,2025-08-08
3665.TW,2025-08-08,973.0,535.507275390625,618.3880920410156,839.7007446289062,2025-08-08
3669.TW,2025-08-08,34.04999923706055,31.820058822631836,33.29233169555664,38.621002197265625,2025-08-08
3673.TW,2025-08-08,36.54999923706055,29.944141387939453,31.29328441619873,36.15896301269531,2025-08-08
3679.TW,2025-08-08,113.5,125.34532928466797,129.38063049316406,139.71246337890625,2025-08-08
3686.TW,2025-08-08,16.0,15.54000015258789,16.225000381469727,17.559999465942383,2025-08-08
3694.TW,2025-08-08,62.099998474121094,45.999366760253906,56.767669677734375,58.52336883544922,2025-08-08
3701.TW,2025-08-08,34.650001525878906,31.300000381469726,33.125,37.710000610351564,2025-08-08
3702.TW,2025-08-08,67.0,62.31822967529297,65.18563079833984,67.7132583618164,2025-08-08
3703.TW,2025-08-08,22.600000381469727,22.399999618530273,23.218854904174805,27.19377212524414,2025-08-08
3704.TW,2025-08-08,27.299999237060547,27.391947555541993,28.668922424316406,36.76990661621094,2025-08-08
3705.TW,2025-08-08,58.79999923706055,53.25225677490234,59.0,61.599998474121094,2025-08-08
3706.TW,2025-08-08,82.80000305175781,54.36000137329101,62.44999885559082,70.61999816894532,2025-08-08
3708.TW,2025-08-08,127.0,70.47089996337891,78.58691024780273,85.41249542236328,2025-08-08
3711.TW,2025-08-08,149.0,132.88052368164062,144.02914428710938,154.1,2025-08-08
3712.TW,2025-08-08,49.5,44.03274230957031,48.296409606933594,51.409263610839844,2025-08-08
3714.TW,2025-08-08,34.25,34.27472839355469,35.599998474121094,41.80027313232422,2025-08-08
3715.TW,2025-08-08,94.4000015258789,40.99000015258789,46.299888610839844,60.740667724609374,2025-08-08
3716.TW,2025-08-08,34.400001525878906,33.93103179931641,35.5896053314209,36.9490966796875,2025-08-08
4104.TW,2025-08-08,86.0,83.82068176269532,84.5999984741211,85.94485473632812,2025-08-08
4106.TW,2025-08-08,22.0,21.356282806396486,21.848228454589844,23.729204177856445,2025-08-08
4108.TW,2025-08-08,12.800000190734863,13.0,14.550000190734863,15.949999809265137,2025-08-08
4119.TW,2025-08-08,58.099998474121094,62.79999923706055,68.42596435546875,80.99758605957031,2025-08-08
4133.TW,2025-08-08,28.5,26.75,28.103846549987793,29.173847198486328,2025-08-08
4137.TW,2025-08-08,99.4000015258789,102.0,106.95576095581055,110.21522827148438,2025-08-08
4142.TW,2025-08-08,17.450000762939453,17.200000762939453,18.399999618530273,21.599999237060548,2025-08-08
4148.TW,2025-08-08,46.29999923706055,42.599998474121094,45.27499961853027,46.79999923706055,2025-08-08
4155.TW,2025-08-08,15.850000381469727,16.04195785522461,17.28664779663086,20.380563735961914,2025-08-08
4164.TW,2025-08-08,46.20000076293945,41.78600845336914,45.599998474121094,49.86735534667969,2025-08-08
4190.TW,2025-08-08,34.5,34.511173248291016,35.79301452636719,43.74044418334961,2025-08-08
4306.TW,2025-08-08,15.449999809265137,15.699999809265137,16.049999237060547,17.809999465942383,2025-08-08
4414.TW,2025-08-08,12.050000190734863,11.998895263671875,12.715662002563477,14.195993423461914,2025-08-08
4426.TW,2025-08-08,10.0,10.25,11.325000286102295,13.610000228881836,2025-08-08
4438.TW,2025-08-08,74.69999694824219,75.4695556640625,78.94184494018555,96.97473449707032,2025-08-08
4439.TW,2025-08-08,89.4000015258789,84.30652160644532,89.80434799194336,96.14347839355469,2025-08-08
4440.TW,2025-08-08,17.0,16.799999237060547,18.274999618530273,22.351066970825194,2025-08-08
4526.TW,2025-08-08,32.849998474121094,24.970000076293946,27.175000190734863,31.990000915527343,2025-08-08
4532.TW,2025-08-08,24.399999618530273,24.450000762939453,26.705632209777832,29.479633331298828,2025-08-08
4536.TW,2025-08-08,186.0,172.76329040527344,182.75,192.06382446289064,2025-08-08
4540.TW,2025-08-08,41.29999923706055,37.45999984741211,40.04999923706055,49.79000015258789,2025-08-08
4545.TW,2025-08-08,32.0,31.45999984741211,33.341732025146484,39.601908111572264,2025-08-08
4551.TW,2025-08-08,164.5,88.8894775390625,105.82080078125,118.09408264160156,2025-08-08
4552.TW,2025-08-08,24.399999618530273,20.810000228881837,23.350000381469727,24.399999618530273,2025-08-08
4555.TW,2025-08-08,38.349998474121094,34.349998474121094,36.53541564941406,41.74208145141601,2025-08-08
4557.TW,2025-08-08,79.9000015258789,95.98588104248047,101.64705657958984,111.05882263183594,2025-08-08
4560.TW,2025-08-08,34.5,33.55567932128906,34.68806838989258,37.680111694335935,2025-08-08
4562.TW,2025-08-08,55.5,49.370001220703124,56.14999961853027,59.0,2025-08-08
4564.TW,2025-08-08,15.350000381469727,15.75,17.675000190734863,20.750000762939454,2025-08-08
4566.TW,2025-08-08,60.0,56.29999923706055,59.10000038146973,71.01112213134766,2025-08-08
4569.TW,2025-08-08,150.5,135.42129516601562,143.13211822509766,163.1802520751953,2025-08-08
4571.TW,2025-08-08,170.5,146.64911804199218,162.66788482666016,175.87493591308595,2025-08-08
4572.TW,2025-08-08,165.0,153.28114624023436,156.6894989013672,165.6837615966797,2025-08-08
4576.TW,2025-08-08,122.0,112.29820251464844,120.782958984375,138.95031127929687,2025-08-08
4581.TW,2025-08-08,53.0,49.60490112304687,52.29999923706055,54.03390960693359,2025-08-08
4583.TW,2025-08-08,705.0,680.8,762.0308837890625,811.6,2025-08-08
4588.TW,2025-08-08,66.80000305175781,66.6523666381836,72.75434875488281,78.64557647705078,2025-08-08
4720.TW,2025-08-08,15.199999809265137,15.0031156539917,15.425079345703125,18.763271713256835,2025-08-08
4722.TW,2025-08-08,71.0,55.79112548828125,62.45736503601074,68.45332336425781,2025-08-08
4736.TW,2025-08-08,131.0,125.5,131.0,140.6,2025-08-08
4737.TW,2025-08-08,75.80000305175781,61.820001220703126,68.29999923706055,74.92000122070313,2025-08-08
4739.TW,2025-08-08,56.900001525878906,44.83632354736328,50.309247970581055,55.62389907836914,2025-08-08
4746.TW,2025-08-08,67.80000305175781,64.26000137329102,68.5999984741211,72.0,2025-08-08
4755.TW,2025-08-08,114.5,102.78787994384766,111.0,115.57575836181641,2025-08-08
4763.TW,2025-08-08,71.80000305175781,79.52714538574219,84.03691101074219,89.43893890380859,2025-08-08
4764.TW,2025-08-08,41.20000076293945,40.58999862670898,43.32500076293945,45.75999984741211,2025-08-08
4766.TW,2025-08-08,365.5,307.8405334472656,320.1797332763672,333.15679931640625,2025-08-08
4770.TW,2025-08-08,307.0,236.0,253.25,313.4102783203125,2025-08-08
4771.TW,2025-08-08,178.5,177.3541717529297,184.86507415771484,198.67543029785156,2025-08-08
4807.TW,2025-08-08,15.649999618530273,16.049999237060547,17.350000381469727,19.00999984741211,2025-08-08
4904.TW,2025-08-08,84.5,82.69621124267579,85.04200744628906,88.00041198730469,2025-08-08
4906.TW,2025-08-08,24.25,24.218390655517577,25.09482765197754,30.21746940612793,2025-08-08
4912.TW,2025-08-08,79.5,76.26666564941407,80.90475845336914,113.71428833007813,2025-08-08
4915.TW,2025-08-08,77.5,71.77482757568359,74.0,79.51378021240234,2025-08-08
4916.TW,2025-08-08,62.20000076293945,40.20000076293945,43.02499961853027,46.99000091552735,2025-08-08
4919.TW,2025-08-08,59.20000076293945,69.00364990234375,71.84402084350586,89.8650131225586,2025-08-08
4927.TW,2025-08-08,25.950000762939453,22.34000015258789,23.34999942779541,38.05,2025-08-08
4930.TW,2025-08-08,23.149999618530273,23.0,23.90000057220459,29.166798400878907,2025-08-08
4934.TW,2025-08-08,10.850000381469727,10.300000190734863,11.25,13.050000190734863,2025-08-08
4935.TW,2025-08-08,40.45000076293945,39.44000091552734,40.91587257385254,52.851216888427736,2025-08-08
4938.TW,2025-08-08,80.9000015258789,76.72330780029297,80.48324584960938,86.23340454101563,2025-08-08
4942.TW,2025-08-08,36.79999923706055,36.51801681518555,36.849998474121094,39.23078384399414,2025-08-08
4943.TW,2025-08-08,10.050000190734863,9.970000267028809,11.474999904632568,13.25,2025-08-08
4949.TW,2025-08-08,44.349998474121094,31.852408599853515,46.07500076293945,55.119998931884766,2025-08-08
4952.TW,2025-08-08,39.0,38.80285873413086,40.12857437133789,47.90821533203125,2025-08-08
4956.TW,2025-08-08,22.950000762939453,23.049999237060547,26.100000381469727,28.72000045776367,2025-08-08
4958.TW,2025-08-08,129.0,96.46915435791016,102.19999694824219,113.53233642578125,2025-08-08
4960.TW,2025-08-08,13.899999618530273,13.0,13.699999809265137,13.899999618530273,2025-08-08
4961.TW,2025-08-08,180.0,186.26998291015624,200.6892318725586,207.70041198730468,2025-08-08
4967.TW,2025-08-08,71.4000015258789,72.38000183105468,74.4000015258789,86.71999816894531,2025-08-08
4968.TW,2025-08-08,153.0,120.5,130.25,186.7,2025-08-08
4976.TW,2025-08-08,30.600000381469727,26.950000762939453,28.125,34.29000015258789,2025-08-08
4977.TW,2025-08-08,91.69999694824219,85.70634002685547,90.5999984741211,108.44953155517578,2025-08-08
4989.TW,2025-08-08,24.350000381469727,15.2,16.125,19.14000015258789,2025-08-08
4994.TW,2025-08-08,93.5,90.523583984375,94.5,96.36558227539062,2025-08-08
4999.TW,2025-08-08,27.399999618530273,23.83571434020996,24.700000762939453,30.454082489013672,2025-08-08
5007.TW,2025-08-08,53.70000076293945,52.04285888671875,52.70000076293945,53.20000076293945,2025-08-08
5203.TW,2025-08-08,97.19999694824219,98.38000183105468,105.5,117.6,2025-08-08
5215.TW,2025-08-08,37.349998474121094,35.495277404785156,36.512062072753906,41.27553482055664,2025-08-08
5222.TW,2025-08-08,137.0,105.9,114.5,124.54688720703125,2025-08-08
5225.TW,2025-08-08,99.80000305175781,84.78000183105469,91.0,127.10566711425781,2025-08-08
5234.TW,2025-08-08,269.0,165.03510437011718,205.47596740722656,251.8,2025-08-08
5243.TW,2025-08-08,67.80000305175781,47.29000015258789,55.5,60.5,2025-08-08
5244.TW,2025-08-08,45.099998474121094,40.824615478515625,44.117698669433594,45.570533752441406,2025-08-08
5258.TW,2025-08-08,71.19999694824219,60.11838150024414,65.46781539916992,83.25420684814453,2025-08-08
5269.TW,2025-08-08,1945.0,1768.324365234375,1889.6808471679688,1959.228662109375,2025-08-08
5283.TW,2025-08-08,77.19999694824219,79.63999786376954,84.54999923706055,102.0,2025-08-08
5284.TW,2025-08-08,208.0,144.3674743652344,157.126220703125,203.04779052734375,2025-08-08
5285.TW,2025-08-08,45.599998474121094,43.2227897644043,45.22500038146973,49.16472244262695,2025-08-08
5288.TW,2025-08-08,129.5,130.54904174804688,136.1842498779297,173.28271484375,2025-08-08
5292.TW,2025-08-08,158.0,141.20567932128907,145.75,152.59132690429686,2025-08-08
5306.TW,2025-08-08,94.80000305175781,92.46109619140626,95.71090698242188,119.59801483154297,2025-08-08
5388.TW,2025-08-08,103.0,96.30000305175781,100.0,122.97683715820312,2025-08-08
5434.TW,2025-08-08,290.5,239.37108154296874,267.5352020263672,282.195458984375,2025-08-08
5469.TW,2025-08-08,67.9000015258789,49.912139892578125,54.585418701171875,59.75666809082031,2025-08-08
5471.TW,2025-08-08,32.29999923706055,32.04115219116211,33.821523666381836,39.13322296142578,2025-08-08
5484.TW,2025-08-08,38.150001525878906,37.130001068115234,39.39999961853027,50.679998779296874,2025-08-08
5515.TW,2025-08-08,25.950000762939453,24.965749740600586,25.82046604156494,26.412105560302734,2025-08-08
5519.TW,2025-08-08,28.100000381469727,29.289999389648436,31.15876007080078,32.84671401977539,2025-08-08
5521.TW,2025-08-08,11.949999809265137,11.399999618530273,11.899999618530273,12.600000381469727,2025-08-08
5522.TW,2025-08-08,65.0,60.33907699584961,64.37245559692383,71.83406982421874,2025-08-08
5525.TW,2025-08-08,31.299999237060547,30.700000762939453,31.72333335876465,32.21063232421875,2025-08-08
5531.TW,2025-08-08,10.0,9.277999877929688,10.100000381469727,10.649999618530273,2025-08-08
5533.TW,2025-08-08,16.649999618530273,16.600000381469727,17.033098220825195,18.35422706604004,2025-08-08
5534.TW,2025-08-08,84.30000305175781,84.17999725341797,86.69999694824219,95.01999969482422,2025-08-08
5538.TW,2025-08-08,29.299999237060547,28.895050048828125,29.655447006225586,32.839603424072266,2025-08-08
5546.TW,2025-08-08,27.5,27.599768829345702,28.029556274414062,28.317880630493164,2025-08-08
5607.TW,2025-08-08,48.5,35.22109527587891,39.84362602233887,42.64009094238281,2025-08-08
5608.TW,2025-08-08,16.450000762939453,15.590000343322753,16.574999809265137,19.069999313354494,2025-08-08
5706.TW,2025-08-08,58.599998474121094,53.89179992675781,56.436439514160156,58.16315841674805,2025-08-08
5871.TW,2025-08-08,114.0,110.74189453125,114.65701293945312,118.94499969482422,2025-08-08
5876.TW,2025-08-08,44.099998474121094,42.8217658996582,44.624032974243164,45.195947265625,2025-08-08
5880.TW,2025-08-08,26.049999237060547,24.149999618530273,24.524999618530273,25.059999465942383,2025-08-08
5906.TW,2025-08-08,48.599998474121094,49.29999923706055,50.099998474121094,55.92000122070313,2025-08-08
5907.TW,2025-08-08,6.25,6.398000049591064,7.394999980926514,9.86999969482422,2025-08-08
6005.TW,2025-08-08,21.25,20.440000534057617,23.4196834564209,25.074207305908203,2025-08-08
6024.TW,2025-08-08,49.29999923706055,46.6866958618164,48.0362434387207,49.41000137329102,2025-08-08
6108.TW,2025-08-08,15.399999618530273,13.939999771118163,14.424999713897705,16.5,2025-08-08
6112.TW,2025-08-08,54.79999923706055,48.64318008422852,52.333213806152344,56.19314346313477,2025-08-08
6115.TW,2025-08-08,48.20000076293945,48.202640533447266,48.95433807373047,49.79999923706055,2025-08-08
6116.TW,2025-08-08,7.119999885559082,7.0,7.194999933242798,8.272000312805176,2025-08-08
6117.TW,2025-08-08,95.19999694824219,83.20000305175782,93.75,97.94000091552735,2025-08-08
6120.TW,2025-08-08,10.899999618530273,10.300000190734863,10.983412265777588,13.150806045532226,2025-08-08
6128.TW,2025-08-08,30.049999237060547,30.24000015258789,31.59999942779541,33.37183380126953,2025-08-08
6133.TW,2025-08-08,17.350000381469727,14.0,14.599999904632568,17.899999618530273,2025-08-08
6136.TW,2025-08-08,23.049999237060547,22.440000534057617,22.914167404174805,23.200000762939453,2025-08-08
6139.TW,2025-08-08,341.0,240.8,261.25,309.5,2025-08-08
6141.TW,2025-08-08,14.149999618530273,9.906000328063964,12.275000095367432,14.45999984741211,2025-08-08
6142.TW,2025-08-08,9.270000457763672,8.970000267028809,9.279999732971191,11.020000076293945,2025-08-08
6152.TW,2025-08-08,9.300000190734863,8.600000381469727,9.255000114440918,11.580000114440919,2025-08-08
6153.TW,2025-08-08,13.75,11.389999771118164,13.300000190734863,14.649999618530273,2025-08-08
6155.TW,2025-08-08,21.649999618530273,21.15616569519043,22.07173252105713,23.9298038482666,2025-08-08
6164.TW,2025-08-08,10.350000381469727,10.256880760192871,11.044036865234375,12.260550498962402,2025-08-08
6165.TW,2025-08-08,52.099998474121094,45.66000061035156,53.04999923706055,57.26000061035156,2025-08-08
6166.TW,2025-08-08,67.19999694824219,64.16504364013672,69.68899917602539,80.17929077148438,2025-08-08
6168.TW,2025-08-08,18.600000381469727,15.899999618530273,16.774999618530273,20.360000228881837,2025-08-08
6176.TW,2025-08-08,139.5,137.413525390625,141.85699462890625,169.7780029296875,2025-08-08
6177.TW,2025-08-08,41.54999923706055,40.348802947998045,41.83932113647461,43.74808883666992,2025-08-08
6183.TW,2025-08-08,95.9000015258789,89.57999877929687,93.0999984741211,94.80000305175781,2025-08-08
6184.TW,2025-08-08,50.79999923706055,49.75984573364258,50.60641860961914,50.91653671264648,2025-08-08
6189.TW,2025-08-08,57.099998474121094,55.88571548461914,58.30606269836426,61.333394622802736,2025-08-08
6191.TW,2025-08-08,107.0,62.77425842285156,72.49507904052734,87.26492156982422,2025-08-08
6192.TW,2025-08-08,101.0,96.34000091552734,99.93552017211914,102.8004150390625,2025-08-08
6196.TW,2025-08-08,219.0,158.3,169.0,188.6,2025-08-08
6197.TW,2025-08-08,153.5,127.14464874267578,134.64622497558594,138.69307861328124,2025-08-08
6201.TW,2025-08-08,58.599998474121094,59.099998474121094,60.5,62.099998474121094,2025-08-08
6202.TW,2025-08-08,38.04999923706055,40.29999923706055,43.5,49.960000610351564,2025-08-08
6205.TW,2025-08-08,41.900001525878906,43.42903594970703,47.63513946533203,64.5173843383789,2025-08-08
6206.TW,2025-08-08,112.0,107.5,113.36666870117188,130.91111755371094,2025-08-08
6209.TW,2025-08-08,29.200000762939453,24.549999237060547,25.574999809265137,29.799999237060547,2025-08-08
6213.TW,2025-08-08,90.0,66.76264038085938,77.03758239746094,87.51999969482422,2025-08-08
6214.TW,2025-08-08,113.5,108.56147003173828,111.5,127.22642364501954,2025-08-08
6215.TW,2025-08-08,133.5,90.16108093261718,100.6218147277832,112.44777221679688,2025-08-08
6216.TW,2025-08-08,32.400001525878906,31.850000381469727,32.625,37.349998474121094,2025-08-08
6224.TW,2025-08-08,43.79999923706055,42.83999862670898,46.625,50.8449348449707,2025-08-08
6225.TW,2025-08-08,12.800000190734863,11.5,12.149999618530273,13.110000228881836,2025-08-08
6226.TW,2025-08-08,7.340000152587891,6.690000057220459,7.28000020980835,8.34600009918213,2025-08-08
6230.TW,2025-08-08,129.0,127.5,133.0,184.7,2025-08-08
6235.TW,2025-08-08,55.099998474121094,49.44000091552734,52.14999961853027,57.11689834594726,2025-08-08
6239.TW,2025-08-08,122.0,109.20863342285156,121.31654357910156,126.30215454101562,2025-08-08
6243.TW,2025-08-08,36.20000076293945,36.36000137329101,38.125,41.96238708496094,2025-08-08
6257.TW,2025-08-08,79.5999984741211,73.3,77.35000228881836,79.80000305175781,2025-08-08
6269.TW,2025-08-08,61.599998474121094,51.45999984741211,58.85000038146973,64.5,2025-08-08
6271.TW,2025-08-08,101.5,102.07742309570312,106.95852661132812,113.86221160888672,2025-08-08
6277.TW,2025-08-08,58.900001525878906,58.29999923706055,65.68402099609375,72.48890686035156,2025-08-08
6278.TW,2025-08-08,109.0,98.45477905273438,104.2630386352539,106.52869567871093,2025-08-08
6281.TW,2025-08-08,70.9000015258789,71.57999877929687,72.64999771118164,76.6197509765625,2025-08-08
6282.TW,2025-08-08,29.299999237060547,25.690000534057617,26.824999809265137,31.199999618530274,2025-08-08
6283.TW,2025-08-08,21.0,21.149999618530273,22.975000381469727,28.889999389648438,2025-08-08
6285.TW,2025-08-08,118.5,115.0,118.5,137.7111358642578,2025-08-08
6288.TW,2025-08-08,20.950000762939453,19.502254486083984,20.437969207763672,25.01804542541504,2025-08-08
6405.TW,2025-08-08,23.950000762939453,24.04256591796875,24.874899864196777,28.684568405151367,2025-08-08
6409.TW,2025-08-08,1180.0,1246.59638671875,1362.9951171875,1483.8280029296875,2025-08-08
6412.TW,2025-08-08,110.5,101.18857421875,114.5,118.9726577758789,2025-08-08
6414.TW,2025-08-08,316.0,266.0937927246094,290.1900634765625,301.635498046875,2025-08-08
6415.TW,2025-08-08,327.0,348.8,385.75,423.26421508789065,2025-08-08
6416.TW,2025-08-08,87.0999984741211,84.59335327148438,88.26712036132812,108.08613891601563,2025-08-08
6426.TW,2025-08-08,73.5999984741211,70.0999984741211,73.75,78.04000091552734,2025-08-08
6431.TW,2025-08-08,15.649999618530273,16.0,17.675000190734863,19.200000762939453,2025-08-08
6438.TW,2025-08-08,160.5,154.788671875,168.13462829589844,189.07771911621094,2025-08-08
6442.TW,2025-08-08,612.0,406.3,462.75,497.0,2025-08-08
6443.TW,2025-08-08,16.399999618530273,15.100000381469727,15.899999618530273,18.839999389648437,2025-08-08
6446.TW,2025-08-08,508.901611328125,499.9209899902344,527.3617858886719,560.7896118164062,2025-08-08
6449.TW,2025-08-08,114.5,98.16598510742188,106.19338989257812,124.27909851074219,2025-08-08
6451.TW,2025-08-08,158.0,135.66233825683594,143.64248657226562,176.6602996826172,2025-08-08
6456.TW,2025-08-08,45.900001525878906,41.70000076293945,46.14999961853027,51.720000457763675,2025-08-08
6464.TW,2025-08-08,80.80000305175781,79.55999908447265,80.5,81.0,2025-08-08
6472.TW,2025-08-08,717.0,580.9138793945312,650.197509765625,692.9537475585937,2025-08-08
6477.TW,2025-08-08,34.150001525878906,28.843248748779295,30.017131805419922,34.26999969482422,2025-08-08
6491.TW,2025-08-08,318.0,302.5,321.2582702636719,359.20977783203125,2025-08-08
6504.TW,2025-08-08,56.79999923706055,56.73999938964844,60.099998474121094,62.42000122070313,2025-08-08
6505.TW,2025-08-08,39.25,35.99000015258789,37.564083099365234,38.90672225952149,2025-08-08
6515.TW,2025-08-08,1145.0,908.6531127929687,1099.2721557617188,1246.6517333984375,2025-08-08
6525.TW,2025-08-08,68.0,64.47420501708984,67.40584945678711,68.31064300537109,2025-08-08
6526.TW,2025-08-08,540.0,496.99871215820315,529.6368408203125,601.3626098632812,2025-08-08
6531.TW,2025-08-08,302.0,241.04562377929688,286.64488220214844,308.00274658203125,2025-08-08
6533.TW,2025-08-08,276.5,270.0,283.0,367.6,2025-08-08
6541.TW,2025-08-08,53.29999923706055,52.48000030517578,55.85000038146973,71.19999694824219,2025-08-08
6550.TW,2025-08-08,36.099998474121094,37.24999923706055,39.54999923706055,43.79999923706055,2025-08-08
6552.TW,2025-08-08,26.299999237060547,24.879999542236327,26.25,34.33999938964844,2025-08-08
6558.TW,2025-08-08,50.599998474121094,47.14666748046875,49.964664459228516,56.520668029785156,2025-08-08
6573.TW,2025-08-08,8.6899995803833,9.460000228881835,11.100000381469727,13.399999618530273,2025-08-08
6579.TW,2025-08-08,117.0,119.49027557373047,122.8094482421875,133.651220703125,2025-08-08
6581.TW,2025-08-08,108.5,103.0,106.5,109.1,2025-08-08
6582.TW,2025-08-08,33.54999923706055,34.630001068115234,40.900001525878906,52.599998474121094,2025-08-08
6585.TW,2025-08-08,93.5999984741211,102.9,115.34461212158203,149.52772216796876,2025-08-08
6591.TW,2025-08-08,70.9000015258789,48.03766860961914,61.808210372924805,67.95525817871093,2025-08-08
6592.TW,2025-08-08,68.5,65.46000061035156,67.49406051635742,73.38601684570312,2025-08-08
6598.TW,2025-08-08,19.899999618530273,19.5,20.100000381469727,22.5,2025-08-08
6605.TW,2025-08-08,161.0,170.17616271972656,179.23316955566406,196.39378356933594,2025-08-08
6606.TW,2025-08-08,24.399999618530273,24.49000015258789,25.050728797912598,25.90999984741211,2025-08-08
6625.TW,2025-08-08,93.69999694824219,68.17072906494141,82.67900466918945,91.52000122070312,2025-08-08
6641.TW,2025-08-08,22.149999618530273,21.74698677062988,22.2912654876709,27.49454116821289,2025-08-08
6655.TW,2025-08-08,120.5,120.58267974853516,123.51181030273438,127.41732788085938,2025-08-08
6657.TW,2025-08-08,57.5,59.75999908447265,65.95000076293945,71.94000091552735,2025-08-08
6658.TW,2025-08-08,68.9000015258789,65.27054595947266,72.92853546142578,82.0409927368164,2025-08-08
6666.TW,2025-08-08,44.54999923706055,41.0,42.97500038146973,49.349998474121094,2025-08-08
6668.TW,2025-08-08,45.400001525878906,37.33999862670898,46.04999923706055,49.210000610351564,2025-08-08
6669.TW,2025-08-08,2890.0,1858.4565185546876,2204.12548828125,2490.112939453125,2025-08-08
6670.TW,2025-08-08,277.5,281.9,299.9183349609375,325.0637145996094,2025-08-08
6671.TW,2025-08-08,39.04999923706055,38.39436492919922,39.099998474121094,40.20656967163086,2025-08-08
6672.TW,2025-08-08,81.0,66.28768157958984,71.47275924682617,77.86414947509766,2025-08-08
6674.TW,2025-08-08,27.299999237060547,20.950000762939453,23.925000190734863,26.610000228881837,2025-08-08
6689.TW,2025-08-08,81.19999694824219,79.6852035522461,84.26929473876953,96.90969390869141,2025-08-08
6691.TW,2025-08-08,469.0,335.86553955078125,360.0946350097656,379.8956604003906,2025-08-08
6695.TW,2025-08-08,51.20000076293945,41.83999862670898,44.79999923706055,54.51999969482422,2025-08-08
6698.TW,2025-08-08,31.850000381469727,27.639999771118163,30.02500057220459,34.099998474121094,2025-08-08
6706.TW,2025-08-08,65.69999694824219,63.55999908447266,69.95000076293945,89.92000122070313,2025-08-08
6715.TW,2025-08-08,108.0,114.4,121.0,137.6,2025-08-08
6719.TW,2025-08-08,197.0,188.0,200.0,205.2,2025-08-08
6742.TW,2025-08-08,55.70000076293945,51.710662841796875,54.59452819824219,65.1952117919922,2025-08-08
6743.TW,2025-08-08,29.75,30.27999954223633,31.324999809265137,41.82999954223633,2025-08-08
6753.TW,2025-08-08,108.5,98.69999694824219,101.5,109.9,2025-08-08
6754.TW,2025-08-08,53.0,56.080633544921874,58.39126968383789,60.873016357421875,2025-08-08
6756.TW,2025-08-08,87.0,91.0999984741211,101.0,118.15570831298828,2025-08-08
6757.TW,2025-08-08,84.9000015258789,85.07999877929687,87.30000305175781,92.1,2025-08-08
6768.TW,2025-08-08,111.5,100.95325622558593,105.94585418701172,118.75352935791015,2025-08-08
6770.TW,2025-08-08,14.899999618530273,14.580000305175782,15.550000190734863,17.65999984741211,2025-08-08
6776.TW,2025-08-08,58.0,51.50075149536133,54.6767578125,56.92000122070313,2025-08-08
6781.TW,2025-08-08,1430.0,912.1038452148438,987.4867858886719,1032.43994140625,2025-08-08
6782.TW,2025-08-08,197.5,161.0513458251953,172.79771423339844,179.20481872558594,2025-08-08
6789.TW,2025-08-08,234.0,203.118310546875,223.75,253.1576690673828,2025-08-08
6790.TW,2025-08-08,39.54999923706055,39.63772964477539,39.94372367858887,40.673397064208984,2025-08-08
6792.TW,2025-08-08,55.29999923706055,50.20000076293945,53.57297134399414,61.995680236816405,2025-08-08
6796.TW,2025-08-08,80.19999694824219,77.76000213623047,80.25,83.71999816894531,2025-08-08
6799.TW,2025-08-08,91.30000305175781,93.41999969482421,102.0,113.4,2025-08-08
6805.TW,2025-08-08,1025.0,530.8,728.5,813.6,2025-08-08
6806.TW,2025-08-08,81.0,82.17999725341797,87.0,96.51999969482422,2025-08-08
6807.TW,2025-08-08,49.900001525878906,58.56691131591797,68.11851501464844,73.20394592285156,2025-08-08
6830.TW,2025-08-08,151.0,119.96581268310547,126.20512771606445,139.3982940673828,2025-08-08
6834.TW,2025-08-08,29.200000762939453,30.190000534057617,31.06085205078125,34.02418441772461,2025-08-08
6835.TW,2025-08-08,40.70000076293945,40.54999923706055,42.22500038146973,46.73188247680664,2025-08-08
6838.TW,2025-08-08,30.950000762939453,25.180000686645506,31.850000381469727,35.33999938964844,2025-08-08
6861.TW,2025-08-08,50.29999923706055,46.98809661865234,51.346614837646484,62.03896789550781,2025-08-08
6862.TW,2025-08-08,147.0,127.77138061523438,135.26060485839844,151.0130828857422,2025-08-08
6863.TW,2025-08-08,156.0,151.92062377929688,164.15625,211.66500244140624,2025-08-08
6869.TW,2025-08-08,134.5,137.79087524414064,156.9311752319336,166.33258056640625,2025-08-08
6873.TW,2025-08-08,191.5,180.7221466064453,195.03807067871094,204.53824157714843,2025-08-08
6885.TW,2025-08-08,31.25,23.039999389648436,29.625,33.29999923706055,2025-08-08
6887.TW,2025-08-08,76.30000305175781,78.0,81.1158218383789,86.0549545288086,2025-08-08
6890.TW,2025-08-08,253.5,280.0,298.27500915527344,362.0039978027344,2025-08-08
6901.TW,2025-08-08,19.75,20.34000015258789,21.800000190734863,29.870000457763673,2025-08-08
6902.TW,2025-08-08,72.9000015258789,82.76000213623047,97.6500015258789,124.1,2025-08-08
6906.TW,2025-08-08,125.0,125.0,133.5184783935547,139.9507598876953,2025-08-08
6909.TW,2025-08-08,50.400001525878906,42.43492965698242,44.3130989074707,46.53213729858398,2025-08-08
6914.TW,2025-08-08,145.0,130.25708923339843,137.06228637695312,140.4169464111328,2025-08-08
6916.TW,2025-08-08,20.149999618530273,20.299999237060547,22.274999618530273,26.029999923706054,2025-08-08
6918.TW,2025-08-08,101.0,99.84000091552734,101.0,106.0,2025-08-08
6919.TW,2025-08-08,131.5,73.57999877929687,91.0,121.7,2025-08-08
6923.TW,2025-08-08,94.30000305175781,70.71498107910156,74.44185638427734,84.609521484375,2025-08-08
6928.TW,2025-08-08,66.80000305175781,44.5322265625,47.94636344909668,64.38370208740234,2025-08-08
6931.TW,2025-08-08,50.400001525878906,51.08876113891601,56.06095314025879,69.72952270507812,2025-08-08
6933.TW,2025-08-08,238.5,133.72278747558593,157.14651489257812,202.51144104003907,2025-08-08
6936.TW,2025-08-08,36.20000076293945,36.254486083984375,36.88704490661621,37.960000610351564,2025-08-08
6937.TW,2025-08-08,207.5,190.5541534423828,205.20378875732422,254.00621643066407,2025-08-08
6944.TW,2025-08-08,451.5,403.6280029296875,429.2674865722656,452.1,2025-08-08
6952.TW,2025-08-08,47.900001525878906,45.876461029052734,47.220123291015625,47.900001525878906,2025-08-08
6957.TW,2025-08-08,160.0,156.60775756835938,164.02114868164062,187.7439727783203,2025-08-08
6958.TW,2025-08-08,20.600000381469727,19.55413246154785,20.498821258544922,22.103872299194336,2025-08-08
6962.TW,2025-08-08,46.79999923706055,47.18596878051758,51.42635726928711,55.3289909362793,2025-08-08
6965.TW,2025-08-08,105.5,96.91133117675781,105.37931060791016,115.72906494140625,2025-08-08
6994.TW,2025-08-08,100.0,99.46000061035156,117.75,136.6,2025-08-08
7705.TW,2025-08-08,46.400001525878906,48.2560317993164,51.34411811828613,63.19419174194336,2025-08-08
7721.TW,2025-08-08,67.80000305175781,64.24737548828125,73.29999923706055,78.68606567382812,2025-08-08
7722.TW,2025-08-08,716.0,603.6,670.5,730.4,2025-08-08
7732.TW,2025-08-08,37.5,39.5,41.02499961853027,42.0,2025-08-08
7736.TW,2025-08-08,98.5999984741211,99.0,101.5,108.1912612915039,2025-08-08
7749.TW,2025-08-08,590.0,536.8,569.5,652.8,2025-08-08
8011.TW,2025-08-08,20.850000381469727,19.939546203613283,20.725000381469727,21.826636123657227,2025-08-08
8016.TW,2025-08-08,203.0,196.19857788085938,202.1648941040039,205.15957641601562,2025-08-08
8021.TW,2025-08-08,82.5999984741211,27.306401443481445,30.613759994506836,49.029998779296875,2025-08-08
8028.TW,2025-08-08,149.0,128.54810791015626,135.9486541748047,142.87567138671875,2025-08-08
8033.TW,2025-08-08,101.0,60.0,63.54999923706055,67.61537170410156,2025-08-08
8039.TW,2025-08-08,45.29999923706055,41.666325378417966,44.5712890625,46.1566780090332,2025-08-08
8045.TW,2025-08-08,111.5,69.29980010986328,86.62475204467773,129.08786010742188,2025-08-08
8046.TW,2025-08-08,168.5,100.01490631103516,111.26534652709961,140.44824523925783,2025-08-08
8070.TW,2025-08-08,40.20000076293945,39.01289367675781,40.54409599304199,42.493743896484375,2025-08-08
8072.TW,2025-08-08,39.79999923706055,27.82419204711914,41.375,47.238468170166016,2025-08-08
8081.TW,2025-08-08,226.5,207.01266479492188,217.27005004882812,226.59494018554688,2025-08-08
8101.TW,2025-08-08,14.399999618530273,14.439999771118163,16.0,19.020000076293947,2025-08-08
8103.TW,2025-08-08,53.900001525878906,42.74759368896484,44.1906852722168,46.730594635009766,2025-08-08
8104.TW,2025-08-08,41.599998474121094,35.91000061035156,38.29999923706055,41.03000030517578,2025-08-08
8105.TW,2025-08-08,13.5,12.389999771118164,13.174999713897705,14.350000381469727,2025-08-08
8110.TW,2025-08-08,12.850000381469727,12.345581817626954,12.972674369812012,14.285039138793945,2025-08-08
8112.TW,2025-08-08,42.95000076293945,43.789999389648436,47.38210678100586,56.09218826293945,2025-08-08
8114.TW,2025-08-08,259.0,252.34394226074218,279.736083984375,301.9662719726563,2025-08-08
8131.TW,2025-08-08,25.350000381469727,24.954849243164062,26.235801696777344,28.285325622558595,2025-08-08
8150.TW,2025-08-08,26.899999618530273,25.714123153686522,27.0,29.2414493560791,2025-08-08
8163.TW,2025-08-08,34.5,34.39914093017578,35.466936111450195,39.69462585449219,2025-08-08
8201.TW,2025-08-08,10.5,10.800000190734863,11.699999809265137,13.760000038146973,2025-08-08
8210.TW,2025-08-08,583.0,260.18065185546874,292.0998229980469,494.6,2025-08-08
8213.TW,2025-08-08,31.399999618530273,28.999845886230467,30.3040714263916,32.90293426513672,2025-08-08
8215.TW,2025-08-08,22.5,22.49491729736328,23.301572799682617,27.436508178710938,2025-08-08
8222.TW,2025-08-08,52.29999923706055,44.67948226928711,51.171226501464844,55.696607208251955,2025-08-08
8249.TW,2025-08-08,53.5,45.39207000732422,49.75132751464844,55.04402160644531,2025-08-08
8261.TW,2025-08-08,79.5999984741211,75.11241149902344,79.30352020263672,84.90333251953125,2025-08-08
8271.TW,2025-08-08,59.70000076293945,47.94000015258789,51.29999923706055,54.0,2025-08-08
8341.TW,2025-08-08,75.30000305175781,72.30796813964844,74.82798385620117,80.34862976074218,2025-08-08
8367.TW,2025-08-08,45.29999923706055,44.74058837890625,45.69111251831055,47.01808547973633,2025-08-08
8374.TW,2025-08-08,106.0,90.988818359375,99.15452575683594,108.16365203857423,2025-08-08
8404.TW,2025-08-08,20.149999618530273,19.095840454101562,20.149999618530273,25.3350772857666,2025-08-08
8411.TW,2025-08-08,12.949999809265137,12.900946617126465,13.050378799438477,13.259583473205566,2025-08-08
8422.TW,2025-08-08,198.0,175.7475830078125,180.58206176757812,187.0,2025-08-08
8429.TW,2025-08-08,7.800000190734863,7.996000194549561,8.430000305175781,10.159999656677247,2025-08-08
8438.TW,2025-08-08,28.950000762939453,29.27026786804199,30.805489540100098,33.178829193115234,2025-08-08
8442.TW,2025-08-08,76.5999984741211,78.44000244140625,84.14999771118164,101.0,2025-08-08
8443.TW,2025-08-08,11.699999809265137,11.60414981842041,11.751659393310547,11.948339462280273,2025-08-08
8454.TW,2025-08-08,263.0,269.9,294.65736389160156,344.97150268554685,2025-08-08
8462.TW,2025-08-08,148.0,119.00682830810547,126.98899459838867,131.7782989501953,2025-08-08
8463.TW,2025-08-08,23.200000762939453,22.943373489379884,23.29960823059082,24.256471633911133,2025-08-08
8464.TW,2025-08-08,455.0,389.676123046875,407.25,432.0954345703125,2025-08-08
8466.TW,2025-08-08,26.649999618530273,26.234709548950196,27.273944854736328,37.06766128540039,2025-08-08
8467.TW,2025-08-08,164.0,159.8328857421875,169.29756927490234,208.10008239746094,2025-08-08
8473.TW,2025-08-08,34.79999923706055,30.287639617919922,32.0462760925293,34.81592712402344,2025-08-08
8476.TW,2025-08-08,20.450000762939453,20.08908805847168,20.976119995117188,24.970887756347658,2025-08-08
8478.TW,2025-08-08,191.0,144.84125366210938,170.3153533935547,197.93669433593752,2025-08-08
8481.TW,2025-08-08,44.45000076293945,44.29999923706055,45.70754623413086,47.47169570922851,2025-08-08
8482.TW,2025-08-08,58.099998474121094,54.63758850097656,59.66387176513672,84.08789978027345,2025-08-08
8488.TW,2025-08-08,11.350000381469727,11.389999771118164,11.724999904632568,13.600000381469727,2025-08-08
8499.TW,2025-08-08,256.0,138.40341186523438,147.08377075195312,176.88631286621094,2025-08-08
8926.TW,2025-08-08,45.29999923706055,39.30990982055664,42.073516845703125,43.64673004150391,2025-08-08
8940.TW,2025-08-08,21.25,20.5,21.700000762939453,23.110000228881837,2025-08-08
8996.TW,2025-08-08,309.0,218.4653747558594,260.5,288.20094604492186,2025-08-08
9802.TW,2025-08-08,107.0,99.72000274658203,107.25,131.02971496582032,2025-08-08
9902.TW,2025-08-08,16.100000381469727,14.738771438598633,15.805586814880371,18.003128433227538,2025-08-08
9904.TW,2025-08-08,28.450000762939453,28.799999237060547,29.85324478149414,34.187319946289065,2025-08-08
9905.TW,2025-08-08,21.5,21.518661499023438,21.855182647705078,22.528379821777342,2025-08-08
9906.TW,2025-08-08,70.69999694824219,75.18000183105468,84.45000076293945,106.5,2025-08-08
9907.TW,2025-08-08,18.75,16.321895599365234,18.006277084350586,18.931501388549805,2025-08-08
9908.TW,2025-08-08,30.049999237060547,29.473039627075195,29.785560607910156,30.049999237060547,2025-08-08
9910.TW,2025-08-08,121.5,111.0046875,118.31604766845703,122.62715911865234,2025-08-08
9911.TW,2025-08-08,87.0,83.40230407714844,85.25,87.19999694824219,2025-08-08
9912.TW,2025-08-08,11.899999618530273,11.699999809265137,11.899999618530273,12.149999618530273,2025-08-08
9914.TW,2025-08-08,109.0,102.76239624023438,119.03632736206055,161.0008544921875,2025-08-08
9917.TW,2025-08-08,115.5,111.8658218383789,113.63903045654297,118.55865478515625,2025-08-08
9918.TW,2025-08-08,40.20000076293945,37.877296447753906,38.30990219116211,38.83864974975586,2025-08-08
9919.TW,2025-08-08,17.399999618530273,16.3987606048584,17.57240581512451,18.682132720947266,2025-08-08
9921.TW,2025-08-08,110.5,109.5,122.5,152.0,2025-08-08
9924.TW,2025-08-08,43.04999923706055,44.51779479980469,46.23283386230469,49.040078735351564,2025-08-08
9925.TW,2025-08-08,40.54999923706055,39.126319122314456,39.421504974365234,39.66907958984375,2025-08-08
9926.TW,2025-08-08,50.099998474121094,49.04597854614258,49.71915817260742,50.20000076293945,2025-08-08
9927.TW,2025-08-08,65.0,68.38000183105468,69.64999771118164,71.19999694824219,2025-08-08
9928.TW,2025-08-08,17.149999618530273,15.699999809265137,16.149999618530273,17.15999984741211,2025-08-08
9929.TW,2025-08-08,13.5,14.100000381469727,14.850000381469727,15.510000038146973,2025-08-08
9930.TW,2025-08-08,74.30000305175781,66.69432830810547,70.43920516967773,73.25749053955079,2025-08-08
9931.TW,2025-08-08,34.099998474121094,33.04099807739258,33.93874931335449,34.20950012207031,2025-08-08
9933.TW,2025-08-08,32.04999923706055,26.600000381469727,28.375,41.50999984741211,2025-08-08
9934.TW,2025-08-08,9.979999542236328,9.947537612915038,10.468341827392578,13.025125503540039,2025-08-08
9935.TW,2025-08-08,21.049999237060547,21.039999389648436,22.273473739624023,28.67825393676758,2025-08-08
9937.TW,2025-08-08,62.70000076293945,60.053810119628906,60.63497543334961,62.909416961669926,2025-08-08
9938.TW,2025-08-08,52.0,53.68000030517578,56.29999923706055,66.4800018310547,2025-08-08
9939.TW,2025-08-08,143.0,145.05589294433594,149.43936920166016,154.18191528320312,2025-08-08
9940.TW,2025-08-08,25.299999237060547,25.649999618530273,26.24678611755371,27.098287200927736,2025-08-08
9941.TW,2025-08-08,102.5,102.0,107.75,115.0,2025-08-08
9942.TW,2025-08-08,112.0,107.64957427978516,109.05982971191406,110.94017028808594,2025-08-08
9943.TW,2025-08-08,67.19999694824219,71.92703857421876,72.79557037353516,74.63205261230469,2025-08-08
9944.TW,2025-08-08,17.049999237060547,16.55000114440918,16.970993995666504,19.506409454345704,2025-08-08
9945.TW,2025-08-08,31.25,29.46842041015625,30.347368240356445,36.290350341796874,2025-08-08
9946.TW,2025-08-08,20.600000381469727,19.700000762939453,20.450000762939453,23.689999771118163,2025-08-08
9955.TW,2025-08-08,29.25,28.389999771118163,29.200000762939453,30.799999237060547,2025-08-08
9958.TW,2025-08-08,190.5,176.0,185.0,207.6,2025-08-08
2254.TW,2025-08-08,63.29999923706055,63.29999923706055,65.04999923706055,69.5,2025-08-08
2258.TW,2025-08-08,40.25,40.039999389648436,41.5,46.129998779296876,2025-08-08
2432.TW,2025-08-08,28.049999237060547,27.244641494750976,28.182594299316406,34.86266098022461,2025-08-08
3150.TW,2025-08-08,22.100000381469727,21.25,22.222840309143066,29.364297485351564,2025-08-08
6423.TW,2025-08-08,89.19999694824219,82.95865325927734,91.14999771118164,95.42186279296875,2025-08-08
6534.TW,2025-08-08,93.0,76.69999694824219,78.0999984741211,80.69505462646484,2025-08-08
6645.TW,2025-08-08,18.600000381469727,18.5,20.200000762939453,22.25,2025-08-08
6771.TW,2025-08-08,54.79999923706055,52.972686004638675,54.79999923706055,56.32467498779297,2025-08-08
6794.TW,2025-08-08,74.0,62.68000030517578,65.0999984741211,70.71999816894531,2025-08-08
6854.TW,2025-08-08,142.5,142.4,155.0,192.6,2025-08-08
6924.TW,2025-08-08,70.0,67.1709213256836,71.3499984741211,83.29268646240234,2025-08-08
6949.TW,2025-08-08,339.0,128.4,139.75,157.1,2025-08-08
6951.TW,2025-08-08,77.5,65.88219451904297,67.16192245483398,74.69999694824219,2025-08-08
6955.TW,2025-08-08,212.5,144.9353485107422,161.2613296508789,189.1,2025-08-08
6969.TW,2025-08-08,49.5,29.879999542236327,34.775001525878906,41.0,2025-08-08
6988.TW,2025-08-08,17.600000381469727,17.690000534057617,19.012500762939453,25.437750625610352,2025-08-08
7631.TW,2025-08-08,130.0,96.18414306640625,98.79782485961914,118.0,2025-08-08
7740.TW,2025-08-08,230.0,211.5,220.5,230.0,2025-08-08
8162.TW,2025-08-08,37.5,33.99077606201172,36.97190856933594,38.09226608276367,2025-08-08
8487.TW,2025-08-08,81.0999984741211,73.6095199584961,76.06904983520508,77.80000305175781,2025-08-08
0050.TW,2025-08-08,52.45000076293945,43.319750213623045,45.82087516784668,48.98086242675781,2025-08-08
0051.TW,2025-08-08,80.5999984741211,71.18000183105468,74.625,77.73999786376953,2025-08-08
0052.TW,2025-08-08,205.85000610351562,167.6699981689453,178.79405212402344,192.2930145263672,2025-08-08
0053.TW,2025-08-08,113.8499984741211,91.5999984741211,98.35000228881836,105.20999755859376,2025-08-08
0055.TW,2025-08-08,29.809999465942383,27.195999526977538,28.700000762939453,29.202000427246094,2025-08-08
0056.TW,2025-08-08,35.2400016784668,32.585566711425784,33.80710983276367,34.61725616455078,2025-08-08
0057.TW,2025-08-08,155.6999969482422,129.89000549316407,137.4749984741211,146.23999633789063,2025-08-08
0061.TW,2025-08-08,19.049999237060547,17.760000228881836,18.364999771118164,19.59000015258789,2025-08-08
9103.TW,2025-08-08,4.980000019073486,4.980000019073486,5.079999923706055,6.099999904632568,2025-08-08
9105.TW,2025-08-08,6.260000228881836,6.059999942779541,6.320000171661377,7.179811191558838,2025-08-08
9110.TW,2025-08-08,5.349999904632568,6.008000183105469,6.190000057220459,6.457999801635743,2025-08-08
9136.TW,2025-08-08,6.159999847412109,6.159999847412109,6.859999895095825,7.730000019073486,2025-08-08
